record_id,first_name,last_name,email,phone,direct_dial,job_title,seniority_level,company,domain,industry,state,lifecycle_stage,lead_source,created_date,last_activity_date,annual_revenue,employees,linkedin_url,notes,owner
SF-1297,Rebecca,Phillips,rebecca.phillips@proflowsupply.com,(792) 342-4268,(408) 412-2402,CTO,C-Suite,Proflow Plumbing Supply,,Wholesale & Distribution,IL,Customer,Partner,2022-07-07,2025-05-30,N/A,25,,,
SF-1671,Brenda,Flores,brendaflores@gmail.com,(425) 869-8762,(423) 943-5468,Accountant,Individual Contributor,Harborview Properties,harborviewprop.com,Real Estate,TX,Evangelist,Event,2022-02-23,2022-04-24,,1000+,,Left voicemail,
SF-1182,,Ramos,sramos@evergreenrecycling.com,(290) 206-7708,(479) 624-3865,Founder,Owner/Founder,Evergreen Recycling,evergreenrecycling.com,Logistics & Distribution,MO,Customer,Partner,2019-06-22,2024-11-05,$100M+,N/A,,,Rep D
SF-1136,Melissa,Lewis,melissa.lewis@corepointeng.com,(475) 622-4080,(386) 339-5744,Maintenance Manager,Manager,Corepoint Engineering,corepointeng.com,Technology,FL,Opportunity,Trade Show,2022-08-06,2024-01-20,,10-50,,,Rep A
SF-1447,Tyler,Bennett,,(300) 649-9831,(258) 845-1423,CTO,C-Suite,Cryobuild Systems,cryobuild.com,Industrial Equipment,IL,SQL,Inbound,2023-04-02,2023-06-28,,Unknown,,,Rep B
SF-1048,Rachel,Edwards,,(930) 655-2438,(527) 883-6692,Marketing Manager,Manager,Titan Concrete Supply,titanconcrete.com,Construction,NY,Customer,Event,2022-04-04,2024-11-03,N/A,N/A,https://linkedin.com/in/rachel-edwards-912,,Rep B
SF-1211,Jerry,Cook,jerry.cook@peakviewanalytics.com,(625) 987-1107,(187) 372-7101,IT Director,Director,Peakview Analytics,peakviewanalytics.com,Technology,TN,Opportunity,Website,2021-07-23,2024-05-21,5000000,450,https://linkedin.com/in/jerry-cook-628,Sent proposal 11/2024,Rep A
SF-1175,Jacob,Scott,jacob.scott@acmemanufacturing.com,(805) 352-1083,(851) 887-9261,IT Director,Director,Acme Manufacturing,,Manufacturing,MO,Lead,Cold Call,2023-07-24,2024-08-11,,,https://linkedin.com/in/jacob-scott-192,,Rep D
SF-1506,David,Cox,david.cox@sterlingchemical.com,(435) 532-9934,(627) 170-7493,COO,C-Suite,Sterling Chemical,sterlingchemical.com,Chemical,IN,Customer,LinkedIn,2024-10-07,2024-03-09,1000000,1000+,,Sent proposal 11/2024,
SF-1393,,Edwards,robert.edwards@primecaremed.com,(687) 487-6582,(539) 915-4184,Plant Manager,Manager,Primecare Medical Supply,primecaremed.com,Healthcare,IL,SQL,Website,2021-07-26,2025-12-26,$50M-$100M,500-1000,,,Rep A
SF-1478,Anthony,Cox,anthony.cox@deltafab.com,,(675) 742-5352,Sales Manager,Manager,Delta Fabrication,deltafab.com,Manufacturing,IL,Opportunity,Cold Call,2019-05-14,2024-11-29,,,https://linkedin.com/in/anthony-cox-975,Referred by existing customer,Rep B
SF-1108,Thomas,Hughes,thomashughes@gmail.com,(826) 229-3140,,Director of Marketing,Director,Atlas Logistics Group,atlaslogistics.com,Logistics & Distribution,TN,Customer,Cold Call,2020-01-26,2020-03-22,$50M-$100M,Unknown,https://linkedin.com/in/thomas-hughes-494,,
SF-1602,Christine,Taylor,christine.taylor@riverbendpaper.com,(596) 559-7556,(333) 482-2254,VP of Sales,VP,Riverbend Paper Mill,,Manufacturing,MN,Opportunity,Outbound,2025-02-13,2025-03-28,$100M+,1000+,,Decision maker,Rep B
SF-1354,Larry,Lopez,larry.lopez@quantumdatasys.com,(428) 579-4730,(920) 465-5183,Maintenance Manager,Manager,Quantum Data Systems,quantumdatasys.com,Construction,,Opportunity,Outbound,2024-06-15,2024-02-19,$1M-$5M,1200,,,Rep C
SF-1396,Laura,Scott,laura.scott@greenfieldfarms.com,(951) 837-7144,(679) 874-1645,CFO,C-Suite,Greenfield Farms,greenfieldfarms.com,Agriculture,IL,Lead,Event,2020-10-31,2025-12-31,,25,,,
SF-1230,Joshua,Cruz,joshua.cruz@mountaintoptelecom.com,(576) 709-6194,,IT Director,Director,Mountaintop Telecom,mountaintoptelecom.com,Construction,GA,Customer,Trade Show,2022-09-29,2024-07-20,$100M+,Unknown,https://linkedin.com/in/joshua-cruz-295,Follow up Q1,
SF-1443,Barbara,Cook,barbara.cook@stonewallmasonry.com,(368) 227-2597,(785) 221-5509,Account Executive,Individual Contributor,Stonewall Masonry,stonewallmasonry.com,Logistics & Distribution,PA,MQL,,2021-05-06,2021-06-01,,Unknown,,Met at trade show 2024,Rep B
SF-1376,Benjamin,Jones,benjamin.jones@goldstarpackaging.com,(609) 297-3543,(937) 602-4085,Purchasing Manager,Manager,Goldstar Packaging,goldstarpackaging.com,Packaging,AZ,Customer,Website,2024-12-18,2025-02-23,$10M,1000+,,,Rep D
SF-1658,Anna,Smith,anna.smith@primecaremed.com,(290) 755-5347,(322) 294-3353,Plant Manager,Manager,Primecare Medical Supply,primecaremed.com,Healthcare,PA,Evangelist,Cold Call,2021-06-18,2025-08-02,5000000,,,Follow up Q1,Rep D
SF-1529,Nancy,Parker,nancy.parker@ironcladsecurity.com,(327) 734-9009,(902) 574-2547,CTO,C-Suite,Ironclad Security Systems,ironcladsecurity.com,Construction,NV,MQL,Event,2023-03-02,2024-12-06,$5M-$10M,25,https://linkedin.com/in/nancy-parker-574,Referred by existing customer,Rep D
SF-1355,Shirley,Morales,shirley.morales@falconaerospace.com,(725) 289-8675,(395) 969-2197,Sales Manager,Manager,Falcon Aerospace,falconaerospace.com,Aerospace & Defense,NV,SQL,Partner,2024-01-23,2026-01-26,,200-500,https://linkedin.com/in/shirley-morales-447,,Rep D
SF-1264,Emma,Scott,emma.scott@apexindustrial.com,(725) 276-3711,(706) 813-1145,COO,C-Suite,Apex Industrial Services,apexindustrial.com,Technology,TN,SQL,Cold Call,2022-01-04,2022-03-16,,,https://linkedin.com/in/emma-scott-398,,Rep B
SF-1683,James,Hill,james.hill@oakbridgefin.com,(285) 582-8900,(638) 629-8644,Account Executive,Individual Contributor,Oakbridge Financial,,Financial Services,NY,MQL,,2019-02-03,2019-03-13,,500-1000,,Left voicemail,
SF-1114,,Patel,lisa@clearwatertreat.com,(602) 908-6866,(733) 269-9276,Maintenance Manager,Manager,Clearwater Treatment,clearwatertreat.com,Construction,OH,MQL,Trade Show,2022-09-21,2024-12-05,$50M-$100M,,https://linkedin.com/in/lisa-patel-674,Decision maker,Rep D
SF-1580,Stephen,Kim,stephen.kim@harborviewprop.com,(995) 729-5874,(886) 829-8500,Purchasing Manager,Manager,Harborview Properties,,Real Estate,WI,SQL,Partner,2020-11-30,2025-07-28,1000000,450,,Sent proposal 11/2024,
SF-1368,Gregory,Brown,gregory.brown@titanconcrete.com,(946) 667-5153,(569) 815-5311,CEO,C-Suite,Titan Concrete Supply,titanconcrete.com,Construction,MO,Customer,Trade Show,2022-08-11,2026-01-28,1000000,200-500,https://linkedin.com/in/gregory-brown-977,,Rep B
SF-1064,Kimberly,Carter,kimberly@evergreenrecycling.com,(215) 416-4113,(320) 964-8846,COO,C-Suite,Evergreen Recycling,evergreenrecycling.com,Waste Management,GA,Evangelist,Website,2021-04-17,2025-02-10,$10M,1000+,,,
SF-1263,Maria,Taylor,maria.taylor@metrodistribution.com,(415) 798-7292,(733) 451-5939,Owner,Owner/Founder,Metro Distribution,metrodistribution.com,Logistics & Distribution,,Customer,Inbound,2023-02-08,2025-04-04,$5M-$10M,50-200,,,Rep B
SF-1371,Charles,Johnson,charles.johnson@falconaerospace.com,(396) 622-4048,(794) 609-7342,HR Manager,Manager,Falcon Aerospace,,Energy - Oil & Gas,NC,SQL,Trade Show,2022-08-04,2025-07-07,N/A,,https://linkedin.com/in/charles-johnson-819,,
SF-1196,Debra,Bennett,,(597) 208-7438,(461) 508-2478,Inside Sales Representative,Individual Contributor,Westside Auto Parts,westsideautoparts.com,Logistics & Distribution,GA,Evangelist,Inbound,2023-07-23,2024-02-04,,,https://linkedin.com/in/debra-bennett-603,,Rep D
SF-1661,Jack,Jones,jack.jones@oakbridgefin.com,(684) 976-7010,(114) 962-1655,Marketing Manager,Manager,Oakbridge Financial,oakbridgefin.com,Financial Services,TN,Evangelist,Inbound,2023-07-11,2023-08-14,N/A,,https://linkedin.com/in/jack-jones-373,,Rep A
SF-1017,Margaret,Morales,margaret.morales@bluelineelectrical.com,(837) 746-1441,(806) 777-1444,Project Engineer,Individual Contributor,Blueline Electrical,bluelineelectrical.com,Financial Services,,SQL,Trade Show,2024-02-06,2024-11-30,,1000+,https://linkedin.com/in/margaret-morales-951,,
SF-1367,Susan,Jimenez,susan.jimenez@peakviewanalytics.com,(804) 858-2615,(320) 982-4909,Co-Founder,Owner/Founder,Peakview Analytics,peakviewanalytics.com,Technology,WA,Customer,Trade Show,2023-09-24,2025-02-07,$1M-$5M,450,https://linkedin.com/in/susan-jimenez-687,Met at trade show 2024,Rep D
SF-1474,Sandra,Wright,sandra.wright@precisionmetals.com,(209) 321-3842,(966) 253-2787,Sales Manager,Manager,Precision Metals,precisionmetals.com,Automotive,OR,Lead,Cold Call,2024-11-15,2025-04-29,,200-500,https://linkedin.com/in/sandra-wright-106,,
SF-1685,Timothy,King,,(642) 543-6490,(219) 891-6348,Director of Operations,Director,Novatech Solutions,,Technology,IL,MQL,LinkedIn,2020-01-27,2024-04-08,,,,,Rep C
SF-1087,Charles,Lopez,charles.lopez@westsideautoparts.com,(923) 912-3290,(696) 700-5240,Purchasing Manager,Manager,Westside Auto Parts,westsideautoparts.com,Automotive,NY,SQL,Referral,2019-06-24,2019-08-23,,150,https://linkedin.com/in/charles-lopez-504,,Rep C
SF-1099,Tyler,Ramirez,tyler.ramirez@bluelineelectrical.com,(898) 209-8767,(862) 377-1138,Accountant,Individual Contributor,Blueline Electrical,bluelineelectrical.com,Electrical,GA,SQL,Website,2022-06-05,2025-12-30,Unknown,,https://linkedin.com/in/tyler-ramirez-972,,
SF-1411,Sandra,Reed,sandra.reed@greenfieldfarms.com,(294) 803-6922,(795) 732-3841,Co-Founder,Owner/Founder,Greenfield Farms,greenfieldfarms.com,Energy - Oil & Gas,FL,Evangelist,Website,2024-07-28,2025-01-18,,1000+,https://linkedin.com/in/sandra-reed-570,,Rep C
SF-1445,Andrew,Green,andrew.green@corepointeng.com,(748) 676-2491,(318) 911-3077,VP of Sales,VP,Corepoint Engineering,corepointeng.com,Engineering,TX,MQL,Cold Call,2024-12-25,2024-04-25,5000000,,https://linkedin.com/in/andrew-green-936,,Rep B
SF-1075,Stephanie,Mendoza,,,(659) 323-7965,Sales Manager,Manager,Peakview Analytics,peakviewanalytics.com,Technology,OR,Lead,Website,2021-08-28,2024-08-02,,N/A,https://linkedin.com/in/stephanie-mendoza-538,,Rep B
SF-1581,Janet,Anderson,janet.anderson@stonewallmasonry.com,(846) 275-3255,(406) 368-6385,HR Manager,Manager,Stonewall Masonry,,Automotive,NV,Customer,Referral,2019-12-06,2024-07-05,Unknown,,https://linkedin.com/in/janet-anderson-449,Needs predictive maintenance solution,Rep B
SF-1334,Alexander,Wilson,alexander.wilson@hightidemarine.com,(505) 269-8546,,IT Director,Director,Hightide Marine,hightidemarine.com,Marine,NV,SQL,Website,2023-07-06,2025-08-30,,1000+,https://linkedin.com/in/alexander-wilson-814,Not interested right now,Rep B
SF-1589,David,Wood,david.wood@ironcladsecurity.com,(337) 207-5399,(267) 220-1927,Director of Operations,Director,Ironclad Security Systems,ironcladsecurity.com,Security Services,IN,Evangelist,Website,2022-01-19,2022-02-01,$10M-$50M,,https://linkedin.com/in/david-wood-345,Decision maker,
SF-1461,Justin,Baker,justin.baker@pacificsteelworks.com,(721) 478-1664,(368) 689-4665,CFO,C-Suite,Pacific Steel Works,pacificsteelworks.com,Automotive,CA,Opportunity,Outbound,2019-09-14,2024-02-26,,150,https://linkedin.com/in/justin-baker-176,,Rep A
SF-1502,Brandon,Brown,brandon.brown@trailblazertrans.com,(388) 988-7860,(718) 722-6685,Staff Engineer,Individual Contributor,Trailblazer Transport,trailblazertrans.com,Logistics & Distribution,OH,Opportunity,Cold Call,2024-04-25,2024-11-14,1000000,150,,,Rep A
SF-1055,Margaret,Hill,margaret.hill@falconaerospace.com,(938) 480-5715,(831) 180-6674,Marketing Manager,Manager,Falcon Aerospace,falconaerospace.com,Aerospace & Defense,NC,Evangelist,Partner,2021-05-26,2024-07-25,$100M+,N/A,,,Rep A
SF-1294,,Gray,daniel.gray@acmemanufacturing.com,(411) 923-6499,(827) 441-9484,Marketing Manager,Manager,Acme Manufacturing,acmemanufacturing.com,Manufacturing,FL,SQL,Trade Show,2024-10-28,2026-01-15,$10M-$50M,500-1000,https://linkedin.com/in/daniel-gray-245,,Rep D
SF-1228,Jerry,Campbell,jerry.campbell@precisionmetals.com,(767) 451-3925,,Plant Manager,Manager,Precision Metals,precisionmetals.com,Manufacturing,OH,Customer,Website,2023-11-12,2025-12-29,,,https://linkedin.com/in/jerry-campbell-913,,Rep C
SF-1318,Anthony,Brooks,abrooks@vanguardconstruction.com,(927) 382-1635,,VP of Sales,VP,Vanguard Construction,vanguardconstruction.com,Construction,IN,Opportunity,Website,2023-05-26,2025-09-04,50M,,,,Rep D
SF-1366,Joseph,Watson,,,(855) 720-6387,Marketing Manager,Manager,Riverbend Paper Mill,riverbendpaper.com,Manufacturing,NV,Evangelist,,2021-10-26,2024-12-31,,,https://linkedin.com/in/joseph-watson-348,,Rep C
SF-1285,Brenda,Watson,brenda.watson@evergreenrecycling.com,(205) 362-9548,(324) 397-1484,Account Executive,Individual Contributor,Evergreen Recycling,evergreenrecycling.com,Waste Management,MO,Lead,Event,2024-09-27,2026-02-18,50M,50-200,https://linkedin.com/in/brenda-watson-130,,Rep B
SF-1192,Eric,Collins,eric.collins@northstardrilling.com,(474) 853-9728,(987) 644-1981,CTO,C-Suite,Northstar Drilling,northstardrilling.com,Financial Services,TN,Opportunity,Outbound,2022-07-29,2024-03-06,5000000,,,,Rep B
SF-1596,Jennifer,Cook,jennifer.cook@ironcladsecurity.com,,(861) 831-7607,IT Director,Director,Ironclad Security Systems,ironcladsecurity.com,Manufacturing,GA,Customer,Website,2020-01-04,2024-05-04,,10-50,,Interested in automation,Rep B
SF-1310,Andrew,Ward,andrew.ward@northstardrilling.com,(745) 278-3406,(433) 262-5244,Maintenance Manager,Manager,Northstar Drilling,northstardrilling.com,Healthcare,NC,Lead,Website,2021-08-19,2024-12-24,,50-200,https://linkedin.com/in/andrew-ward-342,,Rep D
SF-1583,Dennis,Johnson,dennis.johnson@safeguardenv.com,(281) 210-5073,(745) 328-8771,CEO,C-Suite,Safeguard Environmental,safeguardenv.com,Technology,MI,MQL,Cold Call,2023-10-14,2023-10-20,N/A,1200,https://linkedin.com/in/dennis-johnson-976,,Rep A
SF-1480,Carolyn,Chavez,,(467) 459-9161,(942) 319-3956,Senior Engineer,Individual Contributor,Riverbend Paper Mill,riverbendpaper.com,Manufacturing,OR,Customer,,2023-12-03,2024-01-03,,,,,Rep D
SF-1177,Joseph,Roberts,joseph.roberts@primecaremed.com,,,Sales Manager,Manager,Primecare Medical Supply,,Healthcare,OR,Customer,Inbound,2019-09-26,2024-07-11,50M,,,,Rep B
SF-1618,Nicholas,Campbell,nicholas.campbell@harborviewprop.com,,(686) 135-4689,VP of Sales,VP,Harborview Properties,harborviewprop.com,Real Estate,IL,SQL,Trade Show,2022-09-19,2022-11-03,$1M-$5M,,https://linkedin.com/in/nicholas-campbell-331,Budget approved for Q2,Rep A
SF-1593,Matthew,Ramirez,matthew.ramirez@stonewallmasonry.com,(656) 685-3953,,VP of Sales,VP,Stonewall Masonry,stonewallmasonry.com,Logistics & Distribution,MO,Customer,Event,2022-12-07,2024-04-24,$10M-$50M,,https://linkedin.com/in/matthew-ramirez-213,,Rep A
SF-1636,James,Diaz,jamesdiaz@gmail.com,(335) 215-1542,,Engineer,Individual Contributor,Stonewall Masonry,stonewallmasonry.com,Construction,MN,Opportunity,Trade Show,2021-01-23,2025-10-19,,Unknown,https://linkedin.com/in/james-diaz-596,Interested in automation,Rep C
SF-1240,Kenneth,Perez,kenneth.perez@greenfieldfarms.com,(478) 692-2310,(568) 607-7188,Purchasing Manager,Manager,Greenfield Farms,greenfieldfarms.com,Financial Services,OH,Opportunity,Website,2023-04-12,2025-03-13,$100M+,200-500,https://linkedin.com/in/kenneth-perez-279,,Rep D
SF-1123,Donald,Martinez,donald.martinez@clearwatertreat.com,(335) 524-6410,(230) 687-3639,Sales Representative,Individual Contributor,Clearwater Treatment,clearwatertreat.com,Water Treatment,MI,Lead,Trade Show,2024-01-14,2025-09-13,50M,,https://linkedin.com/in/donald-martinez-715,,
SF-1500,Paul,Cooper,paul.cooper@trailblazertrans.com,(650) 519-9302,(419) 805-2479,Plant Manager,Manager,Trailblazer Transport,trailblazertrans.com,Transportation,IN,SQL,Trade Show,2023-04-12,2025-12-12,,,,,
SF-1588,Raymond,Myers,raymond.myers@hightidemarine.com,(457) 296-4810,(819) 212-2846,Senior Engineer,Individual Contributor,Hightide Marine,,Marine,WA,MQL,Event,2023-09-13,2024-01-24,,,,,Rep C
SF-1275,Dorothy,Richardson,dorothy.richardson@trailblazertrans.com,(356) 780-9151,,Plant Manager,Manager,Trailblazer Transport,trailblazertrans.com,Logistics & Distribution,WA,Opportunity,LinkedIn,2024-04-22,2024-09-19,50M,200-500,https://linkedin.com/in/dorothy-richardson-682,,Rep D
SF-1204,Frank,Cox,frank.cox@apexindustrial.com,(474) 776-7931,(745) 536-2522,COO,C-Suite,Apex Industrial Services,apexindustrial.com,Construction,IN,Opportunity,LinkedIn,2020-08-31,2024-05-10,$100M+,1200,,,
SF-1245,Dorothy,Bennett,dorothy.bennett@powergridutil.com,(342) 226-3013,(486) 916-5072,IT Director,Director,Powergrid Utilities,powergridutil.com,Automotive,WA,Evangelist,Trade Show,2019-01-13,2025-10-15,1000000,,,,Rep D
SF-1156,George,Rodriguez,,(969) 515-6152,(478) 623-2422,CTO,C-Suite,Delta Fabrication,deltafab.com,Technology,IN,Lead,Inbound,2019-06-03,2024-07-25,50M,450,https://linkedin.com/in/george-rodriguez-257,,
SF-1498,,James,,(617) 200-6598,,COO,C-Suite,Evergreen Recycling,evergreenrecycling.com,Waste Management,IN,MQL,LinkedIn,2020-05-25,2025-09-23,,10-50,https://linkedin.com/in/george-james-813,,Rep D
SF-1180,Laura,Perez,,(288) 310-1568,(619) 439-5842,CTO,C-Suite,Swiftcargo Freight,swiftcargofreight.com,Logistics & Distribution,MI,Customer,Trade Show,2020-08-25,2025-08-01,50M,50-200,https://linkedin.com/in/laura-perez-141,,Rep D
SF-1513,Rebecca,White,rebecca.white@primecaremed.com,(541) 818-6873,(205) 979-7038,Engineer,Individual Contributor,Primecare Medical Supply,primecaremed.com,Healthcare,IL,Lead,Website,2024-03-03,2025-01-04,,50-200,,,Rep B
SF-1441,Jonathan,Smith,,(785) 962-6847,(532) 246-6507,Senior Accountant,Individual Contributor,Delta Fabrication,,Manufacturing,WA,Opportunity,Website,2021-09-14,2025-06-29,,,https://linkedin.com/in/jonathan-smith-116,Interested in automation,Rep D
SF-1340,Mark,Ross,markross@gmail.com,(894) 491-5467,(199) 326-4683,Co-Founder,Owner/Founder,Trailblazer Transport,trailblazertrans.com,,NY,Customer,Outbound,2022-09-08,2025-07-08,$10M,,,,Rep D
SF-1510,,Reyes,rreyes@trailblazertrans.com,(402) 293-7105,(482) 631-3265,Director of Marketing,Director,Trailblazer Transport,trailblazertrans.com,Financial Services,PA,Customer,Inbound,2020-02-10,2020-02-10,,10-50,,Follow up Q1,Rep C
SF-1458,Janet,Ortiz,janet@apexindustrial.com,(910) 218-1778,,CEO,C-Suite,Apex Industrial Services,apexindustrial.com,Industrial Services,MN,Evangelist,Website,2023-09-20,2026-02-24,5000000,Unknown,,,Rep D
SF-1167,Katherine,Ramirez,katherine.ramirez@evergreenrecycling.com,(779) 389-2816,(459) 501-8650,CFO,C-Suite,Evergreen Recycling,evergreenrecycling.com,Waste Management,NY,Evangelist,Partner,2022-02-06,2022-04-02,Unknown,25,,Budget approved for Q2,Rep C
SF-1332,Ryan,Watson,ryan.watson@ironcladsecurity.com,(495) 412-6606,(715) 764-5406,COO,C-Suite,Ironclad Security Systems,ironcladsecurity.com,Energy,,Lead,Referral,2024-10-18,2025-11-05,50M,,https://linkedin.com/in/ryan-watson-481,,Rep C
SF-1190,Chris,Cook,chris.cook@atlaslogistics.com,,(350) 353-4844,Account Executive,Individual Contributor,Atlas Logistics Group,,Automotive,OR,SQL,Website,2024-04-07,2025-08-25,,,,,Rep B
SF-1014,James,Hill,james.hill@falconaerospace.com,(723) 684-3780,(490) 727-6491,IT Director,Director,Falcon Aerospace,,Technology,NY,Lead,Website,2021-09-29,2025-05-01,$5M-$10M,Unknown,https://linkedin.com/in/james-hill-835,Referred by existing customer,Rep A
SF-1466,Jerry,Diaz,jerry.diaz@bluelineelectrical.com,(618) 229-6545,,Owner,Owner/Founder,Blueline Electrical,,Electrical,IN,MQL,Outbound,2024-10-23,2024-05-30,$1M-$5M,10-50,,,Rep B
SF-1381,Deborah,Carter,deborah.carter@deltafab.com,(651) 271-5026,(494) 770-3639,COO,C-Suite,Delta Fabrication,,Manufacturing,IL,Customer,Inbound,2019-08-21,2024-04-24,5000000,10-50,https://linkedin.com/in/deborah-carter-273,Sent proposal 11/2024,Rep A
SF-1400,Janet,Mitchell,janet.mitchell@summitenergy.com,,(138) 609-8085,Director of Operations,Director,Summit Energy Solutions,summitenergy.com,Manufacturing,NV,Lead,Trade Show,2019-09-16,2026-02-27,N/A,,,Met at trade show 2024,Rep B
SF-1247,Anna,Reyes,anna.reyes@ironcladsecurity.com,(308) 645-1478,(325) 836-5220,Plant Manager,Manager,Ironclad Security Systems,ironcladsecurity.com,Security Services,AZ,MQL,Website,2019-09-22,2025-10-21,,N/A,https://linkedin.com/in/anna-reyes-490,,Rep B
SF-1424,Susan,Jackson,susan.jackson@northstardrilling.com,(914) 755-9287,,Plant Manager,Manager,Northstar Drilling,northstardrilling.com,Automotive,,SQL,Inbound,2020-04-29,2024-11-11,,450,https://linkedin.com/in/susan-jackson-505,,Rep C
SF-1191,Brian,Murphy,brian.murphy@clearwatertreat.com,(960) 970-9779,(479) 268-9700,Purchasing Manager,Manager,Clearwater Treatment,clearwatertreat.com,Water Treatment,IN,Opportunity,Trade Show,2022-11-23,2024-03-19,$100M+,1000+,,,
SF-1543,Cynthia,Gomez,cynthia.gomez@vanguardconstruction.com,(323) 982-9284,(404) 590-1632,Owner,Owner/Founder,Vanguard Construction,vanguardconstruction.com,Construction,FL,Lead,Partner,2020-05-25,2024-06-08,1000000,1200,,Decision maker,Rep A
SF-1609,Chris,Thomas,chris.thomas@powergridutil.com,(607) 882-8735,(167) 547-2939,Engineer,Individual Contributor,Powergrid Utilities,powergridutil.com,Utilities,NV,SQL,,2020-08-17,2025-02-01,,10-50,,,
SF-1491,Richard,Flores,richard.flores@metrodistribution.com,(678) 327-5133,(940) 832-5416,CEO,C-Suite,Metro Distribution,metrodistribution.com,Logistics & Distribution,NY,SQL,Website,2020-12-11,2020-12-12,,10-50,https://linkedin.com/in/richard-flores-404,Looking for CRM cleanup,Rep D
SF-1164,Charles,Sanders,csanders@mountaintoptelecom.com,(647) 897-1176,(580) 687-6431,HR Manager,Manager,Mountaintop Telecom,mountaintoptelecom.com,Telecommunications,IN,Customer,Cold Call,2019-07-31,2025-11-03,N/A,1000+,,,Rep C
SF-1262,Thomas,Phillips,,(737) 513-4791,,VP of Sales,VP,Precision Metals,precisionmetals.com,Manufacturing,TX,SQL,Partner,2022-02-21,2022-05-10,,,https://linkedin.com/in/thomas-phillips-472,,
SF-1614,Jacob,Murphy,jacob.murphy@metrodistribution.com,(350) 385-8812,(566) 846-4379,VP of Sales,VP,Metro Distribution,metrodistribution.com,Automotive,OR,Lead,Partner,2020-03-12,2025-03-09,,200-500,https://linkedin.com/in/jacob-murphy-656,,Rep D
SF-1646,Stephen,Patel,stephen.patel@vanguardconstruction.com,(601) 885-6992,,HR Manager,Manager,Vanguard Construction,vanguardconstruction.com,Construction,AZ,SQL,Referral,2025-01-19,2024-10-09,$50M-$100M,N/A,https://linkedin.com/in/stephen-patel-282,,
SF-1387,Brian,Garcia,brian.garcia@sunpeaksolar.com,,(634) 616-6605,Sales Manager,Manager,Sunpeak Solar,sunpeaksolar.com,Energy,IL,SQL,Cold Call,2021-12-07,2025-07-19,,,,,Rep C
SF-1545,Samuel,Castillo,samuelcastillo@gmail.com,(703) 482-2712,(206) 697-6165,Chief Exec Officer,Unknown,Oakbridge Financial,,Financial Services,GA,Customer,LinkedIn,2020-05-14,2025-10-30,$10M-$50M,,https://linkedin.com/in/samuel-castillo-325,Follow up Q1,Rep C
SF-1078,Helen,Collins,helen.collins@cryobuild.com,(865) 509-3604,(480) 295-6905,VP of Sales,VP,Cryobuild Systems,cryobuild.com,Logistics & Distribution,NC,Opportunity,Trade Show,2020-01-09,2025-12-21,,,,,Rep A
SF-1341,Betty,Morgan,betty.morgan@ironcladsecurity.com,(285) 412-9676,,Sales Manager,Manager,Ironclad Security Systems,ironcladsecurity.com,Security Services,MO,Evangelist,Partner,2021-08-19,2021-10-07,$10M-$50M,50-200,,,Rep B
SF-1476,Michelle,Alvarez,michelle.alvarez@swiftcargofreight.com,(540) 226-3230,(206) 240-1702,CEO,C-Suite,Swiftcargo Freight,,Energy,IL,MQL,Referral,2021-08-26,2024-05-14,$5M-$10M,25,,,Rep B
SF-1386,Ryan,Williams,,(893) 603-3449,(828) 911-2361,Sales Manager,Manager,Peakview Analytics,peakviewanalytics.com,Technology,WA,SQL,Trade Show,2024-10-03,2024-10-13,$1M-$5M,200-500,,,Rep D
SF-1383,Stephanie,Price,stephanie.price@goldstarpackaging.com,(627) 671-8410,,Sales Representative,Individual Contributor,Goldstar Packaging,goldstarpackaging.com,Packaging,OR,Customer,,2023-07-31,2023-09-17,$50M-$100M,450,,Budget approved for Q2,
SF-1022,Susan,Johnson,susan.johnson@brightpathedu.com,(266) 610-9056,,Director of Operations,Director,Brightpath Education,brightpathedu.com,,,SQL,Website,2019-09-04,2025-09-16,$5M-$10M,500-1000,https://linkedin.com/in/susan-johnson-370,Follow up Q1,Rep B
SF-1139,Susan,Taylor,susan.taylor@peakviewanalytics.com,,,Account Executive,Individual Contributor,Peakview Analytics,peakviewanalytics.com,Healthcare,OH,MQL,Inbound,2019-09-17,2025-11-05,5000000,,https://linkedin.com/in/susan-taylor-884,,Rep C
SF-1070,Laura,Wilson,laura.wilson@apexindustrial.com,(866) 808-3230,,Senior Engineer,Individual Contributor,Apex Industrial Services,apexindustrial.com,Healthcare,CO,Customer,Trade Show,2025-02-12,2024-07-03,$10M,,https://linkedin.com/in/laura-wilson-825,,Rep A
SF-1448,Emma,Bennett,emma@brightpathedu.com,(243) 521-7216,,Sales Manager,Manager,Brightpath Education,brightpathedu.com,Education,TN,SQL,Event,2020-09-06,2025-02-18,$5M-$10M,,,,Rep A
SF-1161,Kathleen,Anderson,kathleen.anderson@stonewallmasonry.com,(812) 311-7208,,HR Manager,Manager,Stonewall Masonry,stonewallmasonry.com,Construction,MN,Customer,Partner,2021-03-12,2021-04-08,1000000,,https://linkedin.com/in/kathleen-anderson-795,,Rep C
SF-1117,Larry,Martinez,larry.martinez@brightpathedu.com,,(508) 821-2417,HR Manager,Manager,Brightpath Education,brightpathedu.com,Education,MI,Opportunity,Outbound,2023-06-07,2025-11-07,,,,,Rep B
SF-1052,Nancy,Campbell,,(547) 771-6990,(403) 816-9341,Maintenance Manager,Manager,Northstar Drilling,northstardrilling.com,Logistics & Distribution,,Opportunity,Event,2024-02-15,2024-06-01,$10M,,https://linkedin.com/in/nancy-campbell-426,,Rep C
SF-1501,Shirley,Long,slong@northstardrilling.com,(150) 125-5933,,Accountant,Individual Contributor,Northstar Drilling,northstardrilling.com,Energy - Oil & Gas,AZ,Opportunity,,2023-01-31,2025-05-16,1000000,10-50,https://linkedin.com/in/shirley-long-901,,
SF-1337,Mary,Morales,mary.morales@powergridutil.com,(714) 581-8758,(747) 573-2829,Chief Exec Officer,C-Suite,Powergrid Utilities,powergridutil.com,Utilities,OH,Opportunity,Event,2023-04-20,2025-11-21,,,https://linkedin.com/in/mary-morales-824,,Rep D
SF-1236,,Myers,gregory@riverbendpaper.com,(114) 445-4148,(551) 466-3915,Plant Manager,Manager,Riverbend Paper Mill,riverbendpaper.com,Manufacturing,OR,Evangelist,Website,2024-12-02,2025-10-18,Unknown,150,https://linkedin.com/in/gregory-myers-554,,Rep B
SF-1535,Ronald,Robinson,ronald.robinson@powergridutil.com,(493) 997-5173,,Senior Engineer,Individual Contributor,Powergrid Utilities,powergridutil.com,Utilities,OH,Opportunity,Trade Show,2020-07-05,2024-06-21,5000000,50-200,,Budget approved for Q2,Rep B
SF-1265,Kimberly,Miller,kimberly.miller@westsideautoparts.com,(285) 922-9999,(432) 158-1170,Inside Sales Representative,Individual Contributor,Westside Auto Parts,westsideautoparts.com,Automotive,CO,Evangelist,LinkedIn,2021-04-24,2021-06-20,,,https://linkedin.com/in/kimberly-miller-927,Left voicemail,Rep D
SF-1645,Kenneth,Scott,kenneth.scott@quantumdatasys.com,(625) 331-4694,(523) 429-2248,Director of Marketing,Director,Quantum Data Systems,,Logistics & Distribution,IN,Customer,Inbound,2019-11-18,2024-10-01,$50M-$100M,10-50,https://linkedin.com/in/kenneth-scott-175,,Rep C
SF-1526,Ashley,Taylor,ashley.taylor@powergridutil.com,(786) 919-3448,,CTO,C-Suite,Powergrid Utilities,,,GA,Opportunity,Event,2021-11-03,2024-09-05,,50-200,,,Rep A
SF-1586,Jason,Clark,jason.clark@trailblazertrans.com,(741) 973-4766,(416) 222-7746,Maintenance Manager,Manager,Trailblazer Transport,trailblazertrans.com,Healthcare,WI,Customer,Cold Call,2020-12-10,2025-06-01,$100M+,1200,,,Rep A
SF-1065,Nicholas,Reyes,nicholas.reyes@proflowsupply.com,(776) 426-3390,,IT Director,Director,Proflow Plumbing Supply,proflowsupply.com,Wholesale & Distribution,IN,Evangelist,Trade Show,2024-07-02,2025-04-16,,200-500,,,Rep A
SF-1629,Lisa,Sanchez,lisa.sanchez@mountaintoptelecom.com,(995) 445-6127,(425) 688-9743,VP of Sales,VP,Mountaintop Telecom,mountaintoptelecom.com,Telecommunications,NY,SQL,Trade Show,2023-10-17,2023-10-24,,Unknown,,,
SF-1100,Benjamin,Gomez,benjamin.gomez@stonewallmasonry.com,(505) 900-2771,,Sales Representative,Individual Contributor,Stonewall Masonry,stonewallmasonry.com,Automotive,AZ,SQL,Outbound,2023-07-16,2025-02-01,,,https://linkedin.com/in/benjamin-gomez-451,Not interested right now,Rep D
SF-1350,Anthony,Gonzalez,anthony.gonzalez@goldstarpackaging.com,(937) 653-4191,(850) 829-8475,VP of Sales,VP,Goldstar Packaging,goldstarpackaging.com,Packaging,CA,SQL,Website,2023-07-26,2025-09-07,,25,https://linkedin.com/in/anthony-gonzalez-626,,
SF-1315,Donald,Hill,donald.hill@peakviewanalytics.com,(975) 382-3346,,President,C-Suite,Peakview Analytics,,Technology,IN,SQL,Website,2020-03-10,2024-08-25,$10M-$50M,,https://linkedin.com/in/donald-hill-620,Met at trade show 2024,
SF-1344,Samantha,Anderson,samantha.anderson@evergreenrecycling.com,(866) 133-7657,,Plant Manager,Manager,Evergreen Recycling,evergreenrecycling.com,Waste Management,FL,Lead,Cold Call,2021-12-11,2026-02-15,$5M-$10M,25,,,Rep B
SF-1084,Donald,Patel,donald.patel@clearwatertreat.com,(383) 236-7870,(354) 526-6241,Director of Operations,Director,Clearwater Treatment,clearwatertreat.com,Financial Services,CO,SQL,Inbound,2019-12-20,2020-02-29,1000000,,https://linkedin.com/in/donald-patel-411,Not interested right now,Rep D
SF-1440,David,Ramos,david.ramos@riverbendpaper.com,,(734) 460-2619,Maintenance Manager,Manager,Riverbend Paper Mill,riverbendpaper.com,Technology,NC,Lead,Referral,2020-03-14,2024-09-04,$100M+,Unknown,https://linkedin.com/in/david-ramos-976,,Rep D
SF-1166,,Torres,mary.torres@quantumdatasys.com,(642) 825-5466,,Director of Operations,Director,Quantum Data Systems,,Manufacturing,MO,Lead,Outbound,2020-02-05,2025-06-21,,500-1000,https://linkedin.com/in/mary-torres-357,,
SF-1239,Michelle,Chavez,michelle.chavez@precisionmetals.com,(448) 410-9836,(722) 993-7250,Purchasing Manager,Manager,Precision Metals,precisionmetals.com,Manufacturing,PA,Lead,Trade Show,2020-08-02,2024-07-28,,,https://linkedin.com/in/michelle-chavez-914,Not interested right now,Rep D
SF-1018,Michael,Hall,,(444) 329-8758,(777) 423-8619,VP of Sales,VP,Blueline Electrical,,Electrical,NC,SQL,Cold Call,2020-04-14,2024-06-16,$5M-$10M,1000+,https://linkedin.com/in/michael-hall-484,,Rep B
SF-1364,Jonathan,Kim,jkim@deltafab.com,(262) 202-3713,(610) 503-7386,Sales Representative,Individual Contributor,Delta Fabrication,deltafab.com,Manufacturing,TN,Opportunity,Partner,2024-03-31,2024-05-12,,10-50,,Decision maker,
SF-1226,Scott,Harris,scott.harris@proflowsupply.com,,(754) 994-3385,COO,C-Suite,Proflow Plumbing Supply,proflowsupply.com,Technology,IL,Lead,Event,2020-08-15,2020-08-23,,1200,https://linkedin.com/in/scott-harris-532,,Rep B
SF-1032,Shirley,Moore,shirley.moore@sterlingchemical.com,(701) 830-7686,(486) 233-7070,Accountant,Individual Contributor,Sterling Chemical,,Chemical,PA,Opportunity,Partner,2021-08-25,2025-01-06,,1200,https://linkedin.com/in/shirley-moore-760,,Rep A
SF-1373,Patrick,Hughes,patrick.hughes@northstardrilling.com,(646) 266-3807,(683) 358-1451,Director of Operations,Director,Northstar Drilling,northstardrilling.com,Energy - Oil & Gas,NV,Evangelist,Website,2020-06-30,2025-02-09,,1200,https://linkedin.com/in/patrick-hughes-411,,Rep D
SF-1678,Eric,Gomez,eric.gomez@northstardrilling.com,(877) 511-3681,(432) 432-3868,Sales Manager,Manager,Northstar Drilling,northstardrilling.com,Energy - Oil & Gas,MI,Lead,Outbound,2023-03-08,2023-03-17,Unknown,1200,,,Rep B
SF-1267,Anthony,Moore,anthony.moore@oakbridgefin.com,(121) 944-1729,(803) 832-2841,Purchasing Manager,Manager,Oakbridge Financial,oakbridgefin.com,Financial Services,OH,Lead,Trade Show,2020-02-21,2024-10-15,,25,https://linkedin.com/in/anthony-moore-186,Looking for CRM cleanup,Rep C
SF-1118,Donna,Gray,dgray@primecaremed.com,(750) 760-2394,(866) 859-6633,CFO,C-Suite,Primecare Medical Supply,primecaremed.com,Healthcare,MO,Opportunity,Trade Show,2025-03-01,2024-03-15,,,,Referred by existing customer,Rep B
SF-1241,Larry,Cox,lcox@oakbridgefin.com,(583) 703-7628,(604) 960-7113,CFO,C-Suite,Oakbridge Financial,oakbridgefin.com,,CO,Opportunity,Website,2020-10-27,2024-07-17,$100M+,N/A,,Decision maker,Rep D
SF-1405,Laura,Carter,laura.carter@metrodistribution.com,(421) 828-7727,,Purchasing Manager,Manager,Metro Distribution,metrodistribution.com,Automotive,WI,Opportunity,LinkedIn,2020-10-28,2020-11-03,,50-200,https://linkedin.com/in/laura-carter-957,,Rep D
SF-1577,Dorothy,Flores,dorothy.flores@evergreenrecycling.com,(565) 990-3312,(819) 925-8527,Marketing Manager,Manager,Evergreen Recycling,evergreenrecycling.com,Automotive,TX,Lead,Trade Show,2021-03-10,2024-05-07,5000000,,https://linkedin.com/in/dorothy-flores-804,,
SF-1092,Amanda,Allen,amanda.allen@proflowsupply.com,(587) 559-9946,,Accountant,Individual Contributor,Proflow Plumbing Supply,,Wholesale & Distribution,OH,Opportunity,Cold Call,2019-11-04,2025-07-14,$5M-$10M,,https://linkedin.com/in/amanda-allen-821,,Rep D
SF-1409,Michelle,Young,michelleyoung@gmail.com,(842) 754-2161,,Marketing Manager,Manager,Oakbridge Financial,oakbridgefin.com,Financial Services,GA,SQL,Outbound,2019-09-02,2026-02-09,1000000,10-50,,Sent proposal 11/2024,Rep B
SF-1276,Benjamin,Mendoza,benjaminmendoza@gmail.com,(469) 898-1699,(859) 258-5011,IT Director,Director,Apex Industrial Services,apexindustrial.com,Industrial Services,MO,Lead,Cold Call,2020-03-07,2024-10-24,,50-200,,Decision maker,
SF-1329,Jessica,Davis,jessica.davis@quantumdatasys.com,(540) 888-6185,(373) 800-7000,Maintenance Manager,Manager,Quantum Data Systems,,Technology,TN,Lead,Trade Show,2023-07-10,2023-09-02,Unknown,,,Follow up Q1,Rep D
SF-1401,Sandra,Ruiz,sandra.ruiz@quantumdatasys.com,(960) 248-5694,,Accountant,Individual Contributor,Quantum Data Systems,quantumdatasys.com,Technology,OH,Customer,Outbound,2023-03-05,2023-05-04,$100M+,,https://linkedin.com/in/sandra-ruiz-606,Left voicemail,
SF-1573,Stephen,Kelly,stephen.kelly@northstardrilling.com,(442) 833-8761,(252) 557-7071,Marketing Manager,Manager,Northstar Drilling,northstardrilling.com,Healthcare,TX,Evangelist,Trade Show,2019-03-12,2019-04-27,$5M-$10M,,,,Rep C
SF-1181,Benjamin,Lewis,benjamin.lewis@quantumdatasys.com,(400) 223-2369,,COO,C-Suite,Quantum Data Systems,quantumdatasys.com,Technology,CO,SQL,Partner,2019-12-25,2024-08-08,50M,150,https://linkedin.com/in/benjamin-lewis-395,,Rep D
SF-1497,Jerry,Young,jerry.young@harborviewprop.com,(713) 433-1673,(340) 464-7474,Plant Manager,Manager,Harborview Properties,harborviewprop.com,Automotive,IN,Customer,Referral,2023-10-07,2023-10-10,$5M-$10M,,,Interested in automation,Rep B
SF-1257,Andrew,Diaz,andrew.diaz@mountaintoptelecom.com,(520) 292-2302,(861) 392-9074,Purchasing Manager,Manager,Mountaintop Telecom,mountaintoptelecom.com,Telecommunications,IN,Opportunity,Event,2024-12-20,2025-12-15,,,,Met at trade show 2024,Rep C
SF-1197,Richard,Lee,richard.lee@corepointeng.com,(856) 856-4010,(856) 339-1050,IT Director,Director,Corepoint Engineering,corepointeng.com,Engineering,CO,MQL,Trade Show,2022-06-05,2024-11-17,$5M-$10M,,https://linkedin.com/in/richard-lee-886,,Rep D
SF-1389,Kevin,Watson,kevin.watson@mountaintoptelecom.com,(806) 262-8250,(816) 226-2241,Marketing Manager,Manager,Mountaintop Telecom,,,OH,MQL,Outbound,2021-10-24,2024-12-19,$10M,,https://linkedin.com/in/kevin-watson-799,,Rep A
SF-1550,Chris,Reyes,chris.reyes@harborviewprop.com,(835) 773-6495,(557) 488-7782,Sales Manager,Manager,Harborview Properties,harborviewprop.com,Real Estate,NV,MQL,LinkedIn,2022-09-15,2026-02-10,,1000+,https://linkedin.com/in/chris-reyes-414,,
SF-1080,Michelle,Moore,michelle.moore@westsideautoparts.com,(508) 410-9482,(393) 965-7418,Purchasing Manager,Manager,Westside Auto Parts,westsideautoparts.com,Energy - Oil & Gas,MI,Lead,Trade Show,2024-08-08,2025-10-15,$10M,10-50,https://linkedin.com/in/michelle-moore-424,,Rep C
SF-1088,Mark,White,mark.white@sunpeaksolar.com,(690) 262-2437,(900) 830-6883,Plant Manager,Manager,Sunpeak Solar,sunpeaksolar.com,,MO,Opportunity,LinkedIn,2021-01-06,2021-01-10,,,https://linkedin.com/in/mark-white-897,,Rep C
SF-1063,Michelle,Kelly,michelle.kelly@evergreenrecycling.com,,,CFO,C-Suite,Evergreen Recycling,evergreenrecycling.com,Waste Management,NV,Customer,Event,2020-07-03,2025-02-01,,,https://linkedin.com/in/michelle-kelly-560,Interested in automation,Rep A
SF-1605,William,Castillo,william.castillo@novatechsolutions.com,(634) 204-4927,(494) 154-1957,Director of Operations,Director,Novatech Solutions,novatechsolutions.com,Manufacturing,,MQL,Referral,2024-07-26,2026-02-04,,Unknown,https://linkedin.com/in/william-castillo-146,Interested in automation,Rep B
SF-1234,Chris,Scott,chris.scott@goldstarpackaging.com,(324) 577-2253,(716) 984-6341,COO,C-Suite,Goldstar Packaging,goldstarpackaging.com,Automotive,,Evangelist,Cold Call,2024-03-06,2025-01-25,,500-1000,,,Rep C
SF-1095,Katherine,Watson,katherine.watson@evergreenrecycling.com,(490) 478-4056,,Purchasing Manager,Manager,Evergreen Recycling,evergreenrecycling.com,Waste Management,WI,MQL,Event,2019-10-29,2025-01-31,5000000,Unknown,https://linkedin.com/in/katherine-watson-586,,Rep D
SF-1200,Deborah,Bennett,deborahbennett@gmail.com,(679) 335-2468,,CTO,C-Suite,Primecare Medical Supply,primecaremed.com,Energy - Oil & Gas,NC,Opportunity,Cold Call,2022-07-16,2022-09-17,$10M-$50M,Unknown,https://linkedin.com/in/deborah-bennett-550,,Rep A
SF-1290,Paul,Garcia,paul.garcia@pacificsteelworks.com,(797) 671-2964,(691) 589-9029,Senior Engineer,Individual Contributor,Pacific Steel Works,pacificsteelworks.com,Technology,NY,SQL,Event,2021-09-19,2025-11-06,$50M-$100M,50-200,https://linkedin.com/in/paul-garcia-161,,Rep D
SF-1437,Sarah,Rodriguez,sarah.rodriguez@proflowsupply.com,(754) 309-5330,(289) 764-2701,Marketing Manager,Manager,Proflow Plumbing Supply,proflowsupply.com,Wholesale & Distribution,TN,MQL,Outbound,2019-01-22,2019-04-20,$100M+,N/A,https://linkedin.com/in/sarah-rodriguez-292,,
SF-1552,Pamela,Wright,,(972) 631-6697,(328) 238-5004,HR Manager,Manager,Proflow Plumbing Supply,proflowsupply.com,Technology,CA,SQL,Outbound,2019-09-20,2019-10-09,$50M-$100M,10-50,,Sent proposal 11/2024,Rep B
SF-1322,Jack,Gomez,jack.gomez@primecaremed.com,(688) 776-2785,(540) 347-2370,VP of Sales,VP,Primecare Medical Supply,primecaremed.com,Healthcare,FL,Customer,Cold Call,2021-04-30,2025-05-16,$5M-$10M,,https://linkedin.com/in/jack-gomez-584,,Rep A
SF-1009,Susan,Myers,susan.myers@northstardrilling.com,(717) 700-5114,(252) 294-7939,IT Director,Director,Northstar Drilling,northstardrilling.com,Technology,NC,Evangelist,LinkedIn,2020-10-23,2026-01-29,N/A,10-50,,Gatekeeper - need to get to director,Rep C
SF-1503,Timothy,Cook,timothy.cook@corepointeng.com,(215) 310-8775,(605) 692-9102,Director of Operations,Director,Corepoint Engineering,corepointeng.com,Engineering,MO,MQL,Trade Show,2019-11-21,2024-06-26,1000000,10-50,https://linkedin.com/in/timothy-cook-379,,Rep C
SF-1384,Stephanie,Miller,stephanie.miller@greenfieldfarms.com,(224) 910-4382,(579) 351-3139,Engineer,Individual Contributor,Greenfield Farms,greenfieldfarms.com,Automotive,AZ,Lead,Trade Show,2020-02-02,2024-03-07,,,https://linkedin.com/in/stephanie-miller-154,,Rep C
SF-1546,Katherine,Phillips,katherine.phillips@bluelineelectrical.com,(426) 357-2191,(889) 550-6405,Engineer,Individual Contributor,Blueline Electrical,,Electrical,NV,SQL,Website,2020-01-10,2025-08-13,,,,,Rep D
SF-1076,Linda,Reed,linda.reed@hightidemarine.com,(726) 895-2560,(948) 353-7434,Purchasing Manager,Manager,Hightide Marine,hightidemarine.com,Marine,IL,Customer,Trade Show,2022-01-05,2025-10-04,50M,,https://linkedin.com/in/linda-reed-887,,Rep C
SF-1152,Brenda,James,brenda.james@deltafab.com,(656) 495-3960,(975) 610-9904,Director of Operations,Director,Delta Fabrication,deltafab.com,Financial Services,PA,Customer,Website,2019-01-27,2024-09-07,$100M+,1200,https://linkedin.com/in/brenda-james-312,,Rep A
SF-1301,Katherine,Richardson,katherine.richardson@quantumdatasys.com,(566) 712-9244,,HR Manager,Manager,Quantum Data Systems,quantumdatasys.com,Automotive,,Opportunity,Website,2021-01-08,2025-08-12,$10M,1200,,Looking for CRM cleanup,
SF-1390,Nicholas,Hall,nicholas.hall@atlaslogistics.com,(526) 802-6922,(820) 894-2079,HR Manager,Manager,Atlas Logistics Group,atlaslogistics.com,Logistics & Distribution,WI,SQL,Cold Call,2022-07-30,2022-09-26,50M,1000+,https://linkedin.com/in/nicholas-hall-420,,Rep B
SF-1091,Jonathan,Campbell,jonathan.campbell@summitenergy.com,,(971) 889-1530,CEO,C-Suite,Summit Energy Solutions,summitenergy.com,Automotive,WI,SQL,Inbound,2020-11-18,2025-10-13,$5M-$10M,Unknown,https://linkedin.com/in/jonathan-campbell-443,,Rep A
SF-1600,Heather,Watson,heather.watson@safeguardenv.com,(156) 370-7987,(840) 863-3879,Engineer,Individual Contributor,Safeguard Environmental,,Technology,IN,Opportunity,Cold Call,2019-07-08,2024-11-08,$10M-$50M,150,https://linkedin.com/in/heather-watson-972,Left voicemail,
SF-1578,Matthew,Diaz,matthew.diaz@precisionmetals.com,(686) 401-1157,,Sales Manager,Manager,Precision Metals,precisionmetals.com,Manufacturing,GA,Opportunity,Website,2024-09-27,2024-02-21,,50-200,,Not interested right now,Rep D
SF-1521,Rachel,Cruz,rachel.cruz@sterlingchemical.com,(439) 522-5391,(285) 898-3902,VP of Sales,VP,Sterling Chemical,sterlingchemical.com,Logistics & Distribution,CA,SQL,Website,2023-01-03,2024-03-01,,N/A,https://linkedin.com/in/rachel-cruz-180,,Rep B
SF-1672,Jonathan,Martinez,jonathan.martinez@goldstarpackaging.com,(266) 528-9095,(771) 794-5956,COO,C-Suite,Goldstar Packaging,goldstarpackaging.com,Packaging,WA,Customer,Website,2023-05-19,2024-06-20,$10M,,,,Rep B
SF-1216,Charles,Cook,,(233) 964-3569,(578) 321-7694,Owner,Owner/Founder,Apex Industrial Services,,Industrial Services,FL,Lead,Inbound,2022-04-01,2024-02-11,$5M-$10M,25,,,
SF-1003,Joseph,Nguyen,joseph.nguyen@trailblazertrans.com,(100) 713-6310,(999) 680-2290,Maintenance Manager,Manager,Trailblazer Transport,trailblazertrans.com,Logistics & Distribution,IL,MQL,Event,2021-04-03,2025-12-31,,Unknown,,Referred by existing customer,Rep C
SF-1072,Deborah,Reyes,deborah.reyes@stonewallmasonry.com,(287) 318-3321,(451) 566-4389,Marketing Manager,Manager,Stonewall Masonry,stonewallmasonry.com,Construction,FL,Lead,,2022-11-06,2025-10-25,,N/A,,,Rep D
SF-1039,Helen,Hill,helen@sunpeaksolar.com,(278) 860-2479,(719) 593-8581,HR Manager,Manager,Sunpeak Solar,,Energy,WI,Customer,Website,2019-06-18,2019-08-15,,25,https://linkedin.com/in/helen-hill-613,,Rep C
SF-1557,Kathleen,Perez,kathleen@westsideautoparts.com,(795) 959-1268,(951) 365-9953,CFO,C-Suite,Westside Auto Parts,westsideautoparts.com,Automotive,FL,SQL,Outbound,2020-03-09,2025-09-29,,200-500,https://linkedin.com/in/kathleen-perez-151,,Rep D
SF-1377,Edward,Parker,edward.parker@sterlingchemical.com,(989) 494-1903,,Director of Marketing,Director,Sterling Chemical,sterlingchemical.com,,PA,Customer,Inbound,2019-07-03,2019-07-31,,500-1000,https://linkedin.com/in/edward-parker-174,Referred by existing customer,Rep A
SF-1260,Timothy,Hill,timothy.hill@primecaremed.com,(343) 562-8110,(132) 264-4260,CEO,C-Suite,Primecare Medical Supply,primecaremed.com,Healthcare,NC,Lead,Outbound,2024-06-26,2025-07-17,Unknown,25,https://linkedin.com/in/timothy-hill-899,Needs predictive maintenance solution,Rep D
SF-1446,,Walker,thomas.walker@atlaslogistics.com,(750) 295-5254,(970) 958-4363,Plant Manager,Manager,Atlas Logistics Group,atlaslogistics.com,Logistics & Distribution,MN,Opportunity,Referral,2023-09-26,2026-01-08,$5M-$10M,25,,Sent proposal 11/2024,Rep A
SF-1300,Cynthia,Brown,cynthia.brown@clearwatertreat.com,(783) 381-7409,(831) 326-8083,Staff Engineer,Individual Contributor,Clearwater Treatment,clearwatertreat.com,Water Treatment,IL,Evangelist,Website,2021-03-09,2021-02-14,Unknown,,https://linkedin.com/in/cynthia-brown-816,,Rep A
SF-1215,Helen,Cook,helen.cook@hightidemarine.com,(782) 903-3293,,HR Manager,Manager,Hightide Marine,hightidemarine.com,Healthcare,IL,Opportunity,Website,2024-10-26,2025-02-08,,150,https://linkedin.com/in/helen-cook-805,Referred by existing customer,Rep B
SF-1058,Joshua,Reed,joshua.reed@greenfieldfarms.com,,(909) 441-2017,Senior Accountant,Individual Contributor,Greenfield Farms,greenfieldfarms.com,Automotive,,Evangelist,Website,2022-06-27,2025-12-07,,1000+,,,Rep D
SF-1035,Ryan,Robinson,ryan.robinson@harborviewprop.com,(583) 356-8770,,CEO,C-Suite,Harborview Properties,harborviewprop.com,Technology,NV,SQL,Referral,2024-09-09,2024-08-05,,50-200,,,Rep B
SF-1438,Gregory,Roberts,gregory.roberts@greenfieldfarms.com,(327) 923-7884,(719) 609-1023,Senior Accountant,Individual Contributor,Greenfield Farms,,Agriculture,GA,MQL,Cold Call,2019-07-10,2019-07-20,$10M-$50M,1000+,https://linkedin.com/in/gregory-roberts-688,,Rep A
SF-1202,Deborah,Mitchell,deborah.mitchell@stonewallmasonry.com,(691) 664-5412,(205) 537-1718,VP of Sales,VP,Stonewall Masonry,stonewallmasonry.com,Construction,MN,Opportunity,Inbound,2020-06-13,2024-08-04,Unknown,,https://linkedin.com/in/deborah-mitchell-861,,Rep D
SF-1313,Angela,Cruz,angela@safeguardenv.com,(181) 460-9284,(650) 350-7678,Plant Manager,Manager,Safeguard Environmental,safeguardenv.com,,NV,MQL,Cold Call,2024-02-03,2024-01-16,,1200,https://linkedin.com/in/angela-cruz-581,Follow up Q1,Rep A
SF-1539,Sandra,Mitchell,sandra.mitchell@stonewallmasonry.com,(866) 757-4201,(563) 680-7760,Purchasing Manager,Manager,Stonewall Masonry,stonewallmasonry.com,Construction,FL,Evangelist,Website,2019-05-03,2025-06-30,N/A,,https://linkedin.com/in/sandra-mitchell-941,,Rep A
SF-1312,Susan,Cox,susan.cox@titanconcrete.com,(587) 796-1534,(353) 590-2285,Owner,Owner/Founder,Titan Concrete Supply,titanconcrete.com,Construction,NY,MQL,Website,2024-08-24,2025-08-11,N/A,N/A,,,
SF-1184,George,Lee,george.lee@atlaslogistics.com,(278) 726-4175,(387) 983-2548,Sales Representative,Individual Contributor,Atlas Logistics Group,atlaslogistics.com,Technology,MN,Evangelist,Website,2022-05-18,2024-10-04,N/A,1200,https://linkedin.com/in/george-lee-943,,Rep D
SF-1684,Timothy,Cook,timothy.cook@atlaslogistics.com,(532) 294-2063,(543) 592-9763,Plant Manager,Manager,Atlas Logistics Group,,Technology,MN,MQL,Inbound,2024-02-04,2024-02-24,$10M,10-50,,,Rep A
SF-1416,Kathleen,Parker,kathleen.parker@quantumdatasys.com,(690) 361-3761,(713) 643-4206,Plant Manager,Manager,Quantum Data Systems,quantumdatasys.com,Technology,MN,Evangelist,Event,2019-07-25,2024-09-13,,450,,,Rep B
SF-1043,Kimberly,Edwards,kimberly.edwards@clearwatertreat.com,(624) 254-7495,(426) 201-6493,Plant Manager,Manager,Clearwater Treatment,clearwatertreat.com,Construction,,Customer,Cold Call,2024-12-01,2025-03-09,,,,,Rep D
SF-1227,Heather,Rodriguez,heather.rodriguez@metrodistribution.com,(779) 543-5909,(754) 328-4772,HR Manager,Manager,Metro Distribution,metrodistribution.com,Technology,IN,Opportunity,Trade Show,2023-06-28,2024-07-07,$1M-$5M,50-200,,,
SF-1621,Ryan,Martinez,ryan.martinez@bluelineelectrical.com,(426) 254-9334,,CFO,C-Suite,Blueline Electrical,bluelineelectrical.com,Construction,WA,Customer,Trade Show,2020-03-06,2024-11-02,,1200,https://linkedin.com/in/ryan-martinez-596,Referred by existing customer,
SF-1370,Robert,Anderson,robert.anderson@greenfieldfarms.com,(912) 277-4254,(972) 369-3388,Purchasing Manager,Manager,Greenfield Farms,greenfieldfarms.com,Agriculture,AZ,MQL,Partner,2019-06-17,2024-09-08,Unknown,10-50,,Not interested right now,Rep B
SF-1137,Donald,Lopez,donald.lopez@deltafab.com,(538) 282-3393,,Marketing Manager,Manager,Delta Fabrication,deltafab.com,Manufacturing,OR,Opportunity,Outbound,2022-07-02,2024-11-26,,N/A,https://linkedin.com/in/donald-lopez-633,,Rep C
SF-1321,Amy,Gomez,amy.gomez@peakviewanalytics.com,(982) 186-2253,(624) 861-1383,Plant Manager,Manager,Peakview Analytics,,,FL,SQL,Outbound,2020-01-17,2020-02-15,$10M,,,Needs predictive maintenance solution,Rep D
SF-1124,Katherine,Rogers,katherine.rogers@corepointeng.com,(980) 616-7877,,Sales Manager,Manager,Corepoint Engineering,,,WA,Opportunity,Website,2021-08-10,2024-03-26,,150,,,
SF-1025,Barbara,Stewart,barbara.stewart@hightidemarine.com,(878) 610-1601,(773) 990-9889,CTO,C-Suite,Hightide Marine,,Marine,TN,SQL,Website,2024-08-03,2024-10-23,$1M-$5M,,https://linkedin.com/in/barbara-stewart-394,,
SF-1345,Paul,Gonzalez,paul.gonzalez@metrodistribution.com,(905) 655-6417,(916) 464-5510,Marketing Manager,Manager,Metro Distribution,metrodistribution.com,Logistics & Distribution,MN,Lead,Website,2020-07-27,2024-05-31,$1M-$5M,,,,Rep B
SF-1282,Heather,Lewis,heatherlewis@gmail.com,(443) 274-8045,(602) 252-8030,Accountant,Individual Contributor,Clearwater Treatment,clearwatertreat.com,Logistics & Distribution,IL,SQL,Event,2020-10-10,2025-03-23,,200-500,https://linkedin.com/in/heather-lewis-746,,Rep C
SF-1495,Barbara,Ross,barbara.ross@vanguardconstruction.com,(716) 354-8591,(601) 792-8817,Maintenance Manager,Manager,Vanguard Construction,vanguardconstruction.com,Construction,TX,SQL,Website,2022-12-23,2024-08-22,$100M+,50-200,https://linkedin.com/in/barbara-ross-533,,
SF-1316,Shirley,Harris,shirley.harris@acmemanufacturing.com,(329) 664-5832,(933) 923-2965,Purchasing Manager,Manager,Acme Manufacturing,acmemanufacturing.com,Manufacturing,OR,Opportunity,Partner,2021-12-13,2024-03-29,$100M+,50-200,https://linkedin.com/in/shirley-harris-922,,Rep C
SF-1418,Elizabeth,Rodriguez,elizabeth.rodriguez@proflowsupply.com,(356) 746-4060,(238) 271-1792,HR Manager,Manager,Proflow Plumbing Supply,proflowsupply.com,,,Customer,Website,2022-02-17,2025-04-18,,,,,Rep A
SF-1374,Charles,Foster,charles.foster@goldstarpackaging.com,(993) 272-2042,,Director of Operations,Director,Goldstar Packaging,goldstarpackaging.com,Packaging,WI,Evangelist,Trade Show,2023-05-06,2025-02-21,50M,,,,Rep C
SF-1138,Michael,Bennett,michael.bennett@titanconcrete.com,(605) 448-1146,(795) 907-8786,VP of Sales,VP,Titan Concrete Supply,,Construction,MN,MQL,Inbound,2020-01-02,2024-09-11,,,https://linkedin.com/in/michael-bennett-877,Met at trade show 2024,
SF-1399,Mark,Rogers,mark.rogers@cryobuild.com,(937) 535-8501,(816) 971-3707,IT Director,Director,Cryobuild Systems,cryobuild.com,Energy - Oil & Gas,IN,Lead,Website,2019-07-24,2024-01-12,$1M-$5M,150,https://linkedin.com/in/mark-rogers-263,,Rep D
SF-1412,Jessica,Carter,jessica.carter@northstardrilling.com,(797) 483-9374,(403) 472-1835,Maintenance Manager,Manager,Northstar Drilling,,Energy - Oil & Gas,NV,Evangelist,Partner,2020-03-18,2025-05-02,1000000,,,,Rep A
SF-1320,,Brooks,brian.brooks@precisionmetals.com,,(766) 264-1806,CTO,C-Suite,Precision Metals,precisionmetals.com,,TN,Evangelist,Trade Show,2022-04-03,2024-06-14,1000000,1200,https://linkedin.com/in/brian-brooks-113,,Rep A
SF-1000,Samuel,Anderson,samuel.anderson@cryobuild.com,(804) 632-1520,(833) 765-9928,CEO / Founder,C-Suite,Cryobuild Systems,cryobuild.com,Industrial Equipment,NV,SQL,LinkedIn,2020-09-28,2020-10-26,1000000,,,,Rep A
SF-1613,Brian,Clark,brian.clark@northstardrilling.com,(516) 787-1494,(896) 340-5255,CFO,C-Suite,Northstar Drilling,northstardrilling.com,Energy - Oil & Gas,AZ,Customer,,2024-01-15,2025-03-15,$1M-$5M,Unknown,https://linkedin.com/in/brian-clark-429,,
SF-1682,Deborah,Campbell,deborah.campbell@trailblazertrans.com,(852) 758-7248,,Director of Operations,Director,Trailblazer Transport,trailblazertrans.com,Transportation,AZ,Lead,Cold Call,2021-05-03,2024-10-04,Unknown,,https://linkedin.com/in/deborah-campbell-592,,
SF-1327,Sandra,Bailey,sandra.bailey@powergridutil.com,(270) 748-5550,(645) 867-6704,Purchasing Manager,Manager,Powergrid Utilities,,Healthcare,OH,Evangelist,Inbound,2023-10-04,2024-08-06,$50M-$100M,200-500,https://linkedin.com/in/sandra-bailey-110,,
SF-1680,Samantha,Torres,samantha.torres@proflowsupply.com,(705) 929-3054,(989) 229-3483,Director of Marketing,Director,Proflow Plumbing Supply,proflowsupply.com,Manufacturing,NV,Evangelist,Website,2023-04-24,2025-12-25,$5M-$10M,500-1000,,,Rep D
SF-1270,Jason,Young,jason.young@titanconcrete.com,(634) 580-1886,(878) 795-2208,CFO,C-Suite,Titan Concrete Supply,titanconcrete.com,Construction,IN,Customer,,2020-10-09,2020-10-13,,,,,Rep B
SF-1576,James,Patel,james.patel@westsideautoparts.com,,(528) 767-6320,Sales Manager,Manager,Westside Auto Parts,,Technology,OH,Evangelist,,2022-07-04,2024-04-13,$10M,25,https://linkedin.com/in/james-patel-559,,Rep A
SF-1131,Matthew,Peterson,matthew.peterson@corepointeng.com,(685) 234-4744,(590) 400-3389,Sales Representative,Individual Contributor,Corepoint Engineering,,Financial Services,,Evangelist,Event,2024-12-27,2026-01-07,,1000+,https://linkedin.com/in/matthew-peterson-681,,Rep B
SF-1179,Helen,Williams,helen.williams@falconaerospace.com,(221) 498-4097,(597) 707-9686,Marketing Manager,Manager,Falcon Aerospace,,Aerospace & Defense,OR,SQL,Website,2020-06-24,2024-11-09,,,,,Rep C
SF-1667,,Garcia,lisa.garcia@metrodistribution.com,(484) 964-2133,,Plant Manager,Manager,Metro Distribution,metrodistribution.com,Logistics & Distribution,IL,Customer,LinkedIn,2020-03-24,2024-08-02,,,,,Rep D
SF-1010,Pamela,Peterson,,(562) 998-7658,(967) 358-4878,Director of Operations,Director,Delta Fabrication,deltafab.com,Manufacturing,OH,MQL,Outbound,2019-04-12,2024-07-02,1000000,150,https://linkedin.com/in/pamela-peterson-984,Not interested right now,Rep A
SF-1066,Jonathan,Jones,jonathan.jones@summitenergy.com,(824) 254-1149,(925) 283-2753,Accountant,Individual Contributor,Summit Energy Solutions,summitenergy.com,Energy,PA,Customer,Event,2021-10-30,2024-12-28,,25,https://linkedin.com/in/jonathan-jones-570,,Rep A
SF-1620,James,Morgan,james@cryobuild.com,(292) 365-1942,(302) 177-8882,Plant Manager,Manager,Cryobuild Systems,,Construction,,Opportunity,Cold Call,2022-01-03,2025-10-18,,,,,Rep D
SF-1515,Michael,Price,michael.price@corepointeng.com,(597) 953-1743,(250) 264-7542,Chief Exec Officer,Unknown,Corepoint Engineering,corepointeng.com,Engineering,GA,Evangelist,Inbound,2023-08-07,2024-10-08,50M,,https://linkedin.com/in/michael-price-385,Referred by existing customer,
SF-1688,Rebecca,Smith,rebecca.smith@novatechsolutions.com,(797) 565-5055,,Maintenance Manager,Manager,Novatech Solutions,novatechsolutions.com,Logistics & Distribution,NY,Opportunity,Inbound,2022-09-23,2025-07-30,$100M+,150,https://linkedin.com/in/rebecca-smith-478,Decision maker,Rep D
SF-1542,Amanda,Hall,amanda.hall@deltafab.com,(846) 696-5032,(340) 251-3768,VP of Sales,VP,Delta Fabrication,deltafab.com,Manufacturing,CA,SQL,Inbound,2024-04-24,2025-12-08,$50M-$100M,500-1000,,,Rep A
SF-1348,Dorothy,Bennett,dorothy.bennett@precisionmetals.com,(959) 750-2301,(257) 657-9567,Sales Manager,Manager,Precision Metals,,Logistics & Distribution,GA,Evangelist,,2021-09-30,2024-08-21,50M,,https://linkedin.com/in/dorothy-bennett-372,,Rep A
SF-1664,Betty,Edwards,betty.edwards@mountaintoptelecom.com,,(738) 375-7337,Purchasing Manager,Manager,Mountaintop Telecom,,Telecommunications,PA,Opportunity,Website,2020-05-03,2020-05-10,$1M-$5M,200-500,,,Rep C
SF-1528,Carol,Long,carol.long@brightpathedu.com,(633) 519-3744,,CTO,C-Suite,Brightpath Education,brightpathedu.com,Education,OR,Opportunity,Website,2020-05-31,2024-01-02,$5M-$10M,,,,Rep B
SF-1209,Brandon,Alvarez,brandon.alvarez@riverbendpaper.com,(365) 836-4394,(203) 912-7815,Senior Accountant,Individual Contributor,Riverbend Paper Mill,,Manufacturing,MO,SQL,Inbound,2020-10-11,2024-06-27,$10M,,,,Rep B
SF-1357,Melissa,Miller,melissa.miller@quantumdatasys.com,(792) 941-9462,(918) 619-6895,CEO,C-Suite,Quantum Data Systems,quantumdatasys.com,Technology,NC,Customer,Referral,2024-02-15,2024-01-17,,150,https://linkedin.com/in/melissa-miller-202,,Rep D
SF-1660,Thomas,Roberts,thomas.roberts@atlaslogistics.com,(318) 789-3535,(847) 589-1463,Sales Manager,Manager,Atlas Logistics Group,atlaslogistics.com,Logistics & Distribution,CA,MQL,Event,2023-01-20,2024-02-23,,25,https://linkedin.com/in/thomas-roberts-273,,Rep A
SF-1214,Daniel,Parker,daniel.parker@atlaslogistics.com,(123) 128-9846,(640) 725-3406,CFO,C-Suite,Atlas Logistics Group,atlaslogistics.com,Financial Services,MO,Evangelist,Outbound,2021-04-05,2024-11-04,,150,https://linkedin.com/in/daniel-parker-857,Needs predictive maintenance solution,Rep A
SF-1607,Michael,Castillo,michael.castillo@clearwatertreat.com,(209) 843-2973,(548) 448-4661,HR Manager,Manager,Clearwater Treatment,clearwatertreat.com,Financial Services,IN,Lead,Cold Call,2021-07-17,2025-04-24,,150,,Interested in automation,Rep B
SF-1508,,Sanders,,(864) 431-8365,(341) 343-2690,CTO,C-Suite,Evergreen Recycling,,Waste Management,WI,Customer,Trade Show,2020-11-18,2024-05-29,,10-50,,,
SF-1360,Cynthia,Jones,,(428) 294-7879,(315) 687-8609,Owner,Owner/Founder,Delta Fabrication,deltafab.com,Manufacturing,NV,Customer,Partner,2020-07-04,2025-09-09,$1M-$5M,450,https://linkedin.com/in/cynthia-jones-363,,
SF-1584,Sarah,Hill,sarah.hill@titanconcrete.com,(611) 343-8206,,IT Director,Director,Titan Concrete Supply,titanconcrete.com,Construction,NV,Lead,Inbound,2022-04-10,2022-06-07,$5M-$10M,150,https://linkedin.com/in/sarah-hill-345,,Rep A
SF-1021,Michelle,Thomas,michelle.thomas@goldstarpackaging.com,(737) 811-5636,(398) 503-4727,Marketing Manager,Manager,Goldstar Packaging,goldstarpackaging.com,Packaging,WA,MQL,LinkedIn,2019-02-27,2025-12-26,$100M+,,,,Rep D
SF-1555,Samantha,James,samantha.james@peakviewanalytics.com,(259) 358-4741,(934) 672-5592,COO,C-Suite,Peakview Analytics,,Technology,PA,MQL,Cold Call,2024-11-01,2024-06-05,$50M-$100M,,,,Rep B
SF-1365,Emma,Rodriguez,emma.rodriguez@atlaslogistics.com,(243) 511-3022,,CTO,C-Suite,Atlas Logistics Group,atlaslogistics.com,Logistics & Distribution,FL,Customer,Cold Call,2024-02-05,2024-06-06,,N/A,,,Rep C
SF-1592,Melissa,Reed,,(660) 927-2120,(665) 462-6019,Staff Engineer,Individual Contributor,Precision Metals,,Manufacturing,GA,Opportunity,Website,2020-08-15,2020-09-13,$100M+,200-500,,,Rep C
SF-1525,Tyler,Hughes,tyler.hughes@westsideautoparts.com,(495) 514-7143,(221) 202-7432,CFO,C-Suite,Westside Auto Parts,westsideautoparts.com,Automotive,IN,Opportunity,Outbound,2020-10-05,2024-12-08,,,https://linkedin.com/in/tyler-hughes-948,,Rep C
SF-1435,Heather,Brooks,heather@safeguardenv.com,(340) 912-5231,(356) 487-6569,Director of Operations,Director,Safeguard Environmental,,Healthcare,NV,Opportunity,Website,2019-04-18,2024-10-18,,200-500,https://linkedin.com/in/heather-brooks-717,,Rep C
SF-1013,Eric,Phillips,eric.phillips@goldstarpackaging.com,(239) 311-8119,(360) 145-8144,Maintenance Manager,Manager,Goldstar Packaging,goldstarpackaging.com,Technology,WA,Evangelist,,2020-06-30,2026-01-07,$10M,150,,Needs predictive maintenance solution,Rep D
SF-1319,Kevin,Young,kevin.young@trailblazertrans.com,(992) 695-9014,(903) 440-1474,CEO,C-Suite,Trailblazer Transport,trailblazertrans.com,Energy,MI,Opportunity,Website,2022-08-16,2024-09-24,5000000,450,,,Rep B
SF-1656,Pamela,Miller,pamela.miller@safeguardenv.com,(744) 607-8122,(507) 935-7629,Sales Manager,Manager,Safeguard Environmental,safeguardenv.com,Environmental Services,WI,MQL,Outbound,2022-09-14,2025-02-01,$10M,,https://linkedin.com/in/pamela-miller-830,Budget approved for Q2,Rep D
SF-1548,Shirley,Richardson,srichardson@oakbridgefin.com,(416) 292-1505,(560) 224-6719,COO,C-Suite,Oakbridge Financial,oakbridgefin.com,Financial Services,IN,Opportunity,LinkedIn,2022-03-04,2025-07-30,$100M+,N/A,,,Rep C
SF-1068,Debra,Castillo,debra.castillo@vanguardconstruction.com,(987) 828-7499,(534) 230-5478,Accountant,Individual Contributor,Vanguard Construction,vanguardconstruction.com,Construction,OR,Opportunity,Trade Show,2022-12-28,2023-03-09,5000000,,https://linkedin.com/in/debra-castillo-489,,Rep A
SF-1450,Samantha,Thompson,samantha.thompson@northstardrilling.com,(741) 863-2051,,Owner,Owner/Founder,Northstar Drilling,northstardrilling.com,Energy - Oil & Gas,MI,MQL,Website,2021-09-21,2025-03-05,$10M-$50M,N/A,https://linkedin.com/in/samantha-thompson-541,,Rep A
SF-1665,George,Green,george.green@quantumdatasys.com,(567) 705-6768,(107) 153-7331,Director of Marketing,Director,Quantum Data Systems,quantumdatasys.com,Technology,MI,Evangelist,Website,2023-01-03,2024-03-14,1000000,,,,Rep A
SF-1233,Chris,Cox,,(608) 819-5044,,HR Manager,Manager,Brightpath Education,brightpathedu.com,Education,MN,MQL,Outbound,2021-10-17,2024-07-02,N/A,150,https://linkedin.com/in/chris-cox-287,Interested in automation,Rep B
SF-1625,Jennifer,Moore,jennifer.moore@harborviewprop.com,(398) 389-2093,,IT Director,Director,Harborview Properties,,Logistics & Distribution,,Lead,Website,2021-06-29,2025-01-26,N/A,,https://linkedin.com/in/jennifer-moore-641,,Rep D
SF-1538,Melissa,Rodriguez,melissa.rodriguez@trailblazertrans.com,(208) 786-6440,(833) 513-9323,IT Director,Director,Trailblazer Transport,trailblazertrans.com,Healthcare,,SQL,Website,2023-03-01,2023-05-14,$100M+,200-500,,Met at trade show 2024,Rep B
SF-1375,Nicholas,Lopez,nicholas.lopez@novatechsolutions.com,(363) 120-1997,(781) 776-7141,Sales Manager,Manager,Novatech Solutions,novatechsolutions.com,Automotive,,Lead,,2020-09-25,2025-09-06,$10M-$50M,N/A,https://linkedin.com/in/nicholas-lopez-890,,Rep A
SF-1074,Joseph,White,joseph.white@primecaremed.com,(750) 910-3838,(701) 495-3298,CFO,C-Suite,Primecare Medical Supply,primecaremed.com,Healthcare,OH,SQL,,2024-01-22,2025-09-26,,10-50,,,Rep D
SF-1151,Barbara,Castillo,barbara.castillo@clearwatertreat.com,(383) 664-4308,(292) 456-6309,CFO,C-Suite,Clearwater Treatment,clearwatertreat.com,Construction,,Evangelist,Inbound,2019-12-16,2025-06-20,N/A,1200,https://linkedin.com/in/barbara-castillo-263,,Rep C
SF-1258,Steven,Patel,steven@mountaintoptelecom.com,(726) 561-1834,(488) 274-7115,CTO,C-Suite,Mountaintop Telecom,mountaintoptelecom.com,Telecommunications,WI,Opportunity,Trade Show,2022-06-02,2025-10-20,$1M-$5M,,https://linkedin.com/in/steven-patel-158,,Rep C
SF-1611,Jessica,Green,jessica.green@oakbridgefin.com,,,CEO,C-Suite,Oakbridge Financial,oakbridgefin.com,Logistics & Distribution,NC,Lead,Website,2024-03-01,2024-07-27,,50-200,,,Rep B
SF-1187,Matthew,Rivera,matthew.rivera@sterlingchemical.com,(707) 980-6918,(770) 939-1665,IT Director,Director,Sterling Chemical,sterlingchemical.com,Chemical,NY,SQL,Partner,2020-04-18,2025-01-29,,1000+,https://linkedin.com/in/matthew-rivera-961,,Rep D
SF-1106,Carol,Walker,carol.walker@acmemanufacturing.com,(276) 940-2659,(859) 436-8483,Marketing Manager,Manager,Acme Manufacturing,acmemanufacturing.com,Manufacturing,MI,SQL,Inbound,2022-07-04,2022-08-28,$5M-$10M,10-50,,,Rep D
SF-1479,Jack,Wilson,jack.wilson@powergridutil.com,(957) 129-6338,(375) 303-7997,CEO / Founder,C-Suite,Powergrid Utilities,powergridutil.com,Technology,AZ,MQL,Cold Call,2022-08-24,2025-10-30,$50M-$100M,1200,,,Rep D
SF-1663,Richard,Lee,richard.lee@northstardrilling.com,(104) 816-2199,(805) 743-5983,Sales Manager,Manager,Northstar Drilling,,Energy - Oil & Gas,IN,SQL,Cold Call,2020-10-23,2024-12-15,50M,N/A,,,Rep B
SF-1519,Katherine,Ward,katherine.ward@powergridutil.com,(945) 568-8173,,Purchasing Manager,Manager,Powergrid Utilities,powergridutil.com,,OR,Customer,Event,2021-03-10,2025-07-14,,,https://linkedin.com/in/katherine-ward-491,,Rep C
SF-1324,Chris,Gutierrez,chris.gutierrez@pacificsteelworks.com,(737) 698-3291,(760) 628-7543,Director of Operations,Director,Pacific Steel Works,pacificsteelworks.com,Financial Services,CA,Evangelist,Trade Show,2022-01-15,2025-06-19,,,https://linkedin.com/in/chris-gutierrez-244,,Rep C
SF-1054,Justin,Hughes,justin.hughes@pacificsteelworks.com,(682) 953-2020,(731) 412-6325,Accountant,Individual Contributor,Pacific Steel Works,pacificsteelworks.com,Logistics & Distribution,IN,Customer,Inbound,2025-02-15,2024-12-28,N/A,N/A,,,Rep C
SF-1189,Ashley,Morales,ashley.morales@peakviewanalytics.com,(306) 400-9157,(655) 451-9856,Director of Operations,Director,Peakview Analytics,peakviewanalytics.com,Technology,OH,MQL,Partner,2023-10-31,2023-11-18,,50-200,https://linkedin.com/in/ashley-morales-602,Decision maker,
SF-1015,Catherine,Foster,,(324) 667-3184,(883) 743-6198,President,C-Suite,Proflow Plumbing Supply,proflowsupply.com,Wholesale & Distribution,OR,Customer,,2024-08-29,2025-03-12,$10M,200-500,https://linkedin.com/in/catherine-foster-586,,Rep C
SF-1603,Dorothy,Johnson,dorothy.johnson@precisionmetals.com,(349) 328-4855,,Purchasing Manager,Manager,Precision Metals,precisionmetals.com,Manufacturing,NC,Customer,Cold Call,2022-12-30,2024-06-16,,10-50,https://linkedin.com/in/dorothy-johnson-775,,Rep A
SF-1291,Nancy,Morales,nancy.morales@proflowsupply.com,(664) 871-3523,(308) 333-4584,Founder,Owner/Founder,Proflow Plumbing Supply,proflowsupply.com,Financial Services,WA,Customer,Trade Show,2023-06-28,2024-07-11,,Unknown,,Decision maker,Rep A
SF-1520,,Moore,edward.moore@goldstarpackaging.com,(659) 834-6497,(310) 678-3994,HR Manager,Manager,Goldstar Packaging,goldstarpackaging.com,Manufacturing,TX,Customer,Referral,2021-08-14,2024-04-12,$5M-$10M,1200,https://linkedin.com/in/edward-moore-197,Decision maker,Rep C
SF-1218,Rachel,Brown,rachel.brown@brightpathedu.com,(119) 223-9713,,CEO / Founder,C-Suite,Brightpath Education,brightpathedu.com,Education,OH,Opportunity,Website,2024-12-02,2024-11-20,$5M-$10M,,,,Rep A
SF-1183,Jessica,Wood,jessica@falconaerospace.com,(268) 813-6927,(779) 646-5225,Plant Manager,Manager,Falcon Aerospace,falconaerospace.com,Aerospace & Defense,IN,Evangelist,,2020-05-04,2025-01-17,,,,,Rep B
SF-1269,Jason,Peterson,jason.peterson@peakviewanalytics.com,(791) 995-4593,(440) 570-1046,Plant Manager,Manager,Peakview Analytics,,Technology,PA,Lead,Inbound,2024-04-25,2024-05-16,$1M-$5M,25,https://linkedin.com/in/jason-peterson-987,Follow up Q1,
SF-1385,Anthony,Myers,anthony.myers@deltafab.com,(546) 920-3870,(255) 267-7802,IT Director,Director,Delta Fabrication,deltafab.com,Manufacturing,IL,Opportunity,Referral,2019-06-11,2019-06-29,50M,200-500,https://linkedin.com/in/anthony-myers-700,Sent proposal 11/2024,Rep B
SF-1638,Christine,Williams,christine@westsideautoparts.com,(783) 662-9165,,Owner,Owner/Founder,Westside Auto Parts,westsideautoparts.com,Automotive,MI,Customer,Referral,2020-06-13,2025-01-16,,Unknown,https://linkedin.com/in/christine-williams-238,Budget approved for Q2,Rep B
SF-1469,Ashley,Cook,ashley.cook@falconaerospace.com,(490) 555-8403,(719) 668-1586,Owner,Owner/Founder,Falcon Aerospace,falconaerospace.com,Aerospace & Defense,OR,Lead,Inbound,2021-01-03,2024-08-28,5000000,450,,Decision maker,Rep D
SF-1670,Andrew,Wilson,andrew.wilson@brightpathedu.com,(761) 585-5586,(297) 816-1040,CTO,C-Suite,Brightpath Education,brightpathedu.com,Education,NY,SQL,Referral,2024-12-09,2026-02-21,,200-500,,,Rep C
SF-1533,Chris,Kim,chris.kim@vanguardconstruction.com,(241) 362-9698,(734) 496-7420,Sales Manager,Manager,Vanguard Construction,vanguardconstruction.com,Construction,FL,Opportunity,Partner,2019-02-27,2025-05-28,,25,https://linkedin.com/in/chris-kim-527,Left voicemail,Rep A
SF-1477,Samuel,Brooks,samuel.brooks@trailblazertrans.com,(592) 595-9038,(836) 399-7771,Purchasing Manager,Manager,Trailblazer Transport,trailblazertrans.com,Transportation,WA,SQL,Trade Show,2019-10-13,2019-12-20,,N/A,https://linkedin.com/in/samuel-brooks-935,,Rep B
SF-1186,Scott,Davis,scott.davis@oakbridgefin.com,(410) 801-4277,(249) 966-5544,VP of Sales,VP,Oakbridge Financial,oakbridgefin.com,Automotive,FL,MQL,Website,2025-01-09,2025-01-10,$5M-$10M,1200,https://linkedin.com/in/scott-davis-586,,Rep A
SF-1071,Stephanie,Gray,stephanie.gray@peakviewanalytics.com,(647) 618-7853,(873) 880-6816,CFO,C-Suite,Peakview Analytics,peakviewanalytics.com,Healthcare,,SQL,Website,2023-10-30,2024-04-18,,,https://linkedin.com/in/stephanie-gray-631,,Rep C
SF-1001,Jack,Collins,jack.collins@goldstarpackaging.com,(396) 921-2139,(384) 564-6977,Purchasing Manager,Manager,Goldstar Packaging,goldstarpackaging.com,Construction,NC,MQL,Event,2021-09-29,2021-10-20,$100M+,Unknown,https://linkedin.com/in/jack-collins-324,,Rep A
SF-1483,Matthew,Walker,matthew@goldstarpackaging.com,(149) 748-3472,(858) 791-3743,Director of Operations,Director,Goldstar Packaging,goldstarpackaging.com,Construction,WI,Opportunity,LinkedIn,2024-10-03,2024-07-16,,10-50,https://linkedin.com/in/matthew-walker-581,,
SF-1254,Jennifer,Gutierrez,jennifer.gutierrez@falconaerospace.com,(820) 751-9365,(245) 406-4526,IT Director,Director,Falcon Aerospace,falconaerospace.com,Aerospace & Defense,MN,Opportunity,Referral,2021-11-10,2024-09-23,$10M-$50M,50-200,https://linkedin.com/in/jennifer-gutierrez-792,,Rep A
SF-1089,Maria,Howard,maria.howard@bluelineelectrical.com,(789) 597-6813,(377) 380-4875,Maintenance Manager,Manager,Blueline Electrical,bluelineelectrical.com,Electrical,WI,SQL,Website,2023-01-09,2025-08-28,,,https://linkedin.com/in/maria-howard-676,,Rep C
SF-1575,Jeff,Morris,jeff.morris@apexindustrial.com,(420) 850-5831,,CTO,C-Suite,Apex Industrial Services,apexindustrial.com,Energy,AZ,SQL,Website,2024-06-26,2024-03-24,$100M+,25,,,Rep A
SF-1610,Maria,King,maria.king@ironcladsecurity.com,(240) 395-9877,(881) 926-7359,Chief Exec Officer,Unknown,Ironclad Security Systems,ironcladsecurity.com,Technology,GA,Lead,Website,2022-08-27,2024-01-18,$100M+,150,,Referred by existing customer,Rep D
SF-1172,Lisa,Lopez,lisa.lopez@stonewallmasonry.com,(726) 190-5934,(983) 879-9842,Marketing Manager,Manager,Stonewall Masonry,stonewallmasonry.com,Construction,IL,Evangelist,,2024-04-27,2025-05-24,,10-50,,,
SF-1176,Justin,Myers,justin.myers@stonewallmasonry.com,(675) 920-1022,(272) 594-6454,Project Engineer,Individual Contributor,Stonewall Masonry,stonewallmasonry.com,Financial Services,TN,Evangelist,Website,2025-01-30,2025-08-12,Unknown,,https://linkedin.com/in/justin-myers-853,Needs predictive maintenance solution,Rep A
SF-1129,Melissa,Brooks,melissa.brooks@bluelineelectrical.com,(469) 454-5706,(287) 864-4115,Sales Representative,Individual Contributor,Blueline Electrical,,Electrical,PA,MQL,Cold Call,2021-09-18,2024-09-28,,,,Follow up Q1,Rep A
SF-1662,Angela,Ramirez,angela.ramirez@stonewallmasonry.com,(718) 637-1563,(835) 522-6137,Maintenance Manager,Manager,Stonewall Masonry,stonewallmasonry.com,Construction,CA,SQL,Website,2021-04-30,2024-05-26,5000000,,,Looking for CRM cleanup,Rep B
SF-1208,John,Morales,john.morales@powergridutil.com,(632) 790-6174,(474) 863-7834,Marketing Manager,Manager,Powergrid Utilities,powergridutil.com,Utilities,IN,Lead,Partner,2022-11-21,2025-04-04,$1M-$5M,,https://linkedin.com/in/john-morales-580,,Rep C
SF-1522,Amanda,Wood,amanda.wood@stonewallmasonry.com,(704) 302-8257,(332) 674-1811,Director of Operations,Director,Stonewall Masonry,stonewallmasonry.com,Healthcare,WA,MQL,Trade Show,2019-09-27,2024-02-19,,Unknown,https://linkedin.com/in/amanda-wood-411,Met at trade show 2024,Rep A
SF-1198,Michelle,Edwards,michelleedwards@gmail.com,(602) 586-4677,(191) 573-4248,IT Director,Director,Oakbridge Financial,,Financial Services,WA,MQL,Website,2020-04-25,2024-01-15,5000000,450,https://linkedin.com/in/michelle-edwards-606,,Rep C
SF-1221,Larry,Edwards,larryedwards@gmail.com,,(798) 450-5282,Purchasing Manager,Manager,Precision Metals,precisionmetals.com,Technology,NC,Opportunity,Website,2022-09-07,2024-01-17,$10M-$50M,10-50,https://linkedin.com/in/larry-edwards-104,Decision maker,Rep D
SF-1305,Heather,Robinson,heather.robinson@cryobuild.com,(765) 693-1854,,COO,C-Suite,Cryobuild Systems,cryobuild.com,Industrial Equipment,TX,MQL,Trade Show,2020-01-12,2025-08-25,,1200,https://linkedin.com/in/heather-robinson-921,,Rep A
SF-1511,Carol,Williams,,(602) 579-5900,(925) 292-4683,Senior Accountant,Individual Contributor,Precision Metals,,Manufacturing,MI,Lead,Website,2024-01-05,2025-07-08,,,,Met at trade show 2024,
SF-1540,Timothy,Sanders,timothy.sanders@northstardrilling.com,(280) 543-9281,(620) 549-3418,IT Director,Director,Northstar Drilling,northstardrilling.com,Energy - Oil & Gas,GA,Opportunity,Partner,2024-01-30,2024-05-15,5000000,150,,,Rep A
SF-1171,Richard,Collins,richard.collins@swiftcargofreight.com,(425) 264-4320,,CEO,C-Suite,Swiftcargo Freight,,Healthcare,,Opportunity,Trade Show,2019-06-16,2024-05-16,,,,,Rep A
SF-1470,Andrew,Carter,andrew.carter@summitenergy.com,(754) 353-8151,,HR Manager,Manager,Summit Energy Solutions,summitenergy.com,Energy,TN,Lead,Outbound,2021-02-01,2025-11-29,$50M-$100M,N/A,,,Rep D
SF-1121,Pamela,Phillips,pamela.phillips@stonewallmasonry.com,(622) 192-7500,(879) 599-4796,Marketing Manager,Manager,Stonewall Masonry,stonewallmasonry.com,Healthcare,TX,Opportunity,Website,2019-06-13,2025-10-26,,1200,https://linkedin.com/in/pamela-phillips-380,Budget approved for Q2,Rep D
SF-1467,,Hall,helen.hall@safeguardenv.com,(658) 307-5340,,Sales Representative,Individual Contributor,Safeguard Environmental,safeguardenv.com,Environmental Services,GA,Opportunity,Website,2025-01-28,2024-10-22,$1M-$5M,200-500,https://linkedin.com/in/helen-hall-138,,Rep B
SF-1145,Anthony,Bailey,anthony.bailey@swiftcargofreight.com,(291) 315-7776,(456) 295-6254,Maintenance Manager,Manager,Swiftcargo Freight,swiftcargofreight.com,Logistics & Distribution,GA,MQL,Trade Show,2023-03-12,2024-06-08,$5M-$10M,,,Follow up Q1,Rep A
SF-1455,,Morgan,angelamorgan@gmail.com,(961) 247-9508,(319) 964-3110,VP of Sales,VP,Harborview Properties,,Real Estate,NV,Lead,Website,2021-03-01,2024-02-26,$50M-$100M,150,https://linkedin.com/in/angela-morgan-190,,Rep D
SF-1459,Barbara,Gutierrez,barbara.gutierrez@falconaerospace.com,,(673) 156-7681,Plant Manager,Manager,Falcon Aerospace,,Energy,OR,Evangelist,Trade Show,2024-10-30,2025-09-13,,,https://linkedin.com/in/barbara-gutierrez-765,,
SF-1328,Kenneth,Nelson,kenneth.nelson@proflowsupply.com,(857) 690-7525,(722) 747-8446,VP of Sales,VP,Proflow Plumbing Supply,,Wholesale & Distribution,OH,Opportunity,Cold Call,2025-02-12,2024-04-16,,,https://linkedin.com/in/kenneth-nelson-256,Follow up Q1,Rep D
SF-1127,Charles,Stewart,charlesstewart@gmail.com,(610) 828-9536,(392) 299-1550,Sales Manager,Manager,Evergreen Recycling,evergreenrecycling.com,Waste Management,MN,MQL,Trade Show,2019-06-03,2025-01-03,,,,,Rep D
SF-1086,,Reed,scott.reed@atlaslogistics.com,(953) 534-6211,,Maintenance Manager,Manager,Atlas Logistics Group,atlaslogistics.com,Logistics & Distribution,PA,Opportunity,LinkedIn,2024-03-12,2024-09-28,$5M-$10M,,https://linkedin.com/in/scott-reed-946,Looking for CRM cleanup,Rep C
SF-1146,Brian,Ruiz,brian.ruiz@pacificsteelworks.com,(761) 694-3315,(884) 218-7170,COO,C-Suite,Pacific Steel Works,,Energy - Oil & Gas,WI,Evangelist,Website,2022-01-16,2024-02-24,$1M-$5M,,https://linkedin.com/in/brian-ruiz-778,Decision maker,Rep C
SF-1676,Michael,Sanchez,michael.sanchez@powergridutil.com,(796) 854-8174,(661) 832-8313,Engineer,Individual Contributor,Powergrid Utilities,powergridutil.com,Utilities,MO,Lead,,2020-08-05,2024-08-25,$100M+,Unknown,,,Rep D
SF-1631,,Price,donaldprice@gmail.com,(881) 416-1364,(682) 917-2970,Plant Manager,Manager,Westside Auto Parts,westsideautoparts.com,Automotive,MO,MQL,Cold Call,2021-01-21,2025-03-06,50M,Unknown,,,
SF-1565,Janet,Ruiz,janet.ruiz@ironcladsecurity.com,,(365) 627-3800,COO,C-Suite,Ironclad Security Systems,ironcladsecurity.com,Security Services,WI,Customer,Website,2019-09-02,2025-04-06,N/A,450,https://linkedin.com/in/janet-ruiz-349,Follow up Q1,Rep B
SF-1544,Nicholas,Bennett,nicholas.bennett@trailblazertrans.com,(971) 468-3146,(117) 749-2738,Maintenance Manager,Manager,Trailblazer Transport,trailblazertrans.com,Transportation,OH,MQL,Cold Call,2022-12-19,2025-02-18,,,https://linkedin.com/in/nicholas-bennett-445,,Rep B
SF-1056,,Ortiz,gregory.ortiz@bluelineelectrical.com,(768) 999-8793,(437) 747-1611,Marketing Manager,Manager,Blueline Electrical,bluelineelectrical.com,Electrical,OH,Opportunity,,2020-12-21,2024-02-07,5000000,200-500,https://linkedin.com/in/gregory-ortiz-993,Met at trade show 2024,Rep A
SF-1314,Debra,Perez,debra.perez@summitenergy.com,(929) 500-2950,,Senior Accountant,Individual Contributor,Summit Energy Solutions,summitenergy.com,,IN,Customer,Referral,2020-09-15,2024-01-08,1000000,450,,,Rep A
SF-1431,Heather,Flores,heather.flores@evergreenrecycling.com,(598) 774-6383,(436) 762-5023,Purchasing Manager,Manager,Evergreen Recycling,evergreenrecycling.com,Waste Management,MI,Evangelist,LinkedIn,2023-08-30,2024-06-14,$50M-$100M,25,,Budget approved for Q2,Rep A
SF-1659,Raymond,White,raymond.white@corepointeng.com,(867) 344-1765,,CTO,C-Suite,Corepoint Engineering,corepointeng.com,Technology,MI,Lead,Website,2024-11-21,2024-06-01,$1M-$5M,450,,,Rep C
SF-1326,Ashley,Bailey,,(926) 854-8756,(293) 829-3400,CEO / Founder,C-Suite,Goldstar Packaging,goldstarpackaging.com,Packaging,IL,MQL,Partner,2019-01-02,2024-11-27,,200-500,https://linkedin.com/in/ashley-bailey-550,,Rep A
SF-1463,Linda,Alvarez,linda.alvarez@quantumdatasys.com,(768) 294-9062,(685) 593-1781,Accountant,Individual Contributor,Quantum Data Systems,quantumdatasys.com,Technology,OH,Customer,Cold Call,2019-10-01,2026-02-26,$1M-$5M,1200,https://linkedin.com/in/linda-alvarez-369,,Rep B
SF-1499,David,Stewart,david.stewart@oakbridgefin.com,(786) 971-9955,(759) 754-1046,Owner,Owner/Founder,Oakbridge Financial,oakbridgefin.com,Financial Services,CO,Opportunity,,2020-08-18,2020-08-31,,150,https://linkedin.com/in/david-stewart-207,Sent proposal 11/2024,Rep D
SF-1492,Anthony,Reyes,anthony.reyes@stonewallmasonry.com,(301) 352-4543,,Purchasing Manager,Manager,Stonewall Masonry,stonewallmasonry.com,Construction,WI,Customer,Referral,2024-01-02,2024-01-16,,1000+,,,Rep A
SF-1309,Paul,Lee,paul.lee@sterlingchemical.com,(287) 455-9893,,VP of Sales,VP,Sterling Chemical,,Chemical,OH,Opportunity,Partner,2019-03-12,2025-03-26,,,,Needs predictive maintenance solution,Rep A
SF-1096,Justin,Gray,justin.gray@swiftcargofreight.com,,(732) 669-1202,CTO,C-Suite,Swiftcargo Freight,swiftcargofreight.com,Construction,MN,MQL,Website,2020-02-15,2024-04-18,$5M-$10M,1200,https://linkedin.com/in/justin-gray-998,,
SF-1219,Karen,Flores,karen.flores@harborviewprop.com,(870) 711-4874,(616) 494-2885,CTO,C-Suite,Harborview Properties,harborviewprop.com,Real Estate,NC,Customer,Website,2020-02-20,2024-09-09,Unknown,1000+,https://linkedin.com/in/karen-flores-556,,Rep B
SF-1623,Richard,Rivera,richard.rivera@swiftcargofreight.com,(541) 851-9248,(567) 952-9639,Purchasing Manager,Manager,Swiftcargo Freight,swiftcargofreight.com,Logistics & Distribution,TN,MQL,,2025-01-26,2024-06-24,1000000,N/A,https://linkedin.com/in/richard-rivera-238,,Rep C
SF-1194,Jennifer,Castillo,jennifer.castillo@peakviewanalytics.com,(223) 634-9605,(991) 520-6395,IT Director,Director,Peakview Analytics,peakviewanalytics.com,Technology,WI,Evangelist,Outbound,2021-08-24,2025-03-09,,,,,Rep A
SF-1251,Eric,Wood,,(509) 904-3826,(584) 994-2468,Project Engineer,Individual Contributor,Metro Distribution,metrodistribution.com,Logistics & Distribution,OR,Evangelist,Outbound,2022-02-01,2025-10-09,1000000,,,,Rep B
SF-1570,Pamela,Cox,pamela.cox@cryobuild.com,(264) 982-8174,(605) 696-1353,Accountant,Individual Contributor,Cryobuild Systems,cryobuild.com,Industrial Equipment,MO,Lead,Event,2024-02-17,2024-03-28,50M,,,Looking for CRM cleanup,
SF-1261,Thomas,Anderson,thomas.anderson@proflowsupply.com,(639) 811-1131,,VP of Sales,VP,Proflow Plumbing Supply,,Wholesale & Distribution,GA,Evangelist,,2023-10-24,2024-07-22,$5M-$10M,1200,https://linkedin.com/in/thomas-anderson-293,Looking for CRM cleanup,Rep A
SF-1537,Shirley,Walker,,(574) 884-9667,,Director of Operations,Director,Blueline Electrical,bluelineelectrical.com,Technology,WI,Evangelist,Inbound,2021-03-27,2025-01-04,5000000,450,https://linkedin.com/in/shirley-walker-377,,
SF-1109,Michael,Johnson,michael.johnson@ironcladsecurity.com,(538) 484-1824,(190) 977-9166,CTO,C-Suite,Ironclad Security Systems,ironcladsecurity.com,Security Services,AZ,Lead,Partner,2019-03-14,2024-04-15,$1M-$5M,10-50,https://linkedin.com/in/michael-johnson-910,Looking for CRM cleanup,
SF-1547,James,Moore,james.moore@cryobuild.com,(298) 339-2471,(515) 137-9572,VP of Sales,VP,Cryobuild Systems,cryobuild.com,Financial Services,PA,Opportunity,Trade Show,2019-11-24,2025-09-08,$10M-$50M,,https://linkedin.com/in/james-moore-791,Referred by existing customer,
SF-1635,Pamela,Long,pamela.long@atlaslogistics.com,(559) 893-1759,,CFO,C-Suite,Atlas Logistics Group,,Manufacturing,MI,Lead,Partner,2020-08-26,2025-06-12,,,,Decision maker,
SF-1562,Rachel,Lee,rachel.lee@summitenergy.com,(503) 723-2845,(751) 357-8134,CEO,C-Suite,Summit Energy Solutions,summitenergy.com,Energy,MO,Opportunity,Event,2024-08-07,2025-02-15,,,https://linkedin.com/in/rachel-lee-212,,Rep D
SF-1391,Jennifer,Ruiz,jennifer.ruiz@hightidemarine.com,(356) 345-7317,(991) 747-3447,Staff Engineer,Individual Contributor,Hightide Marine,hightidemarine.com,Marine,WI,MQL,Trade Show,2020-01-24,2024-01-17,$10M-$50M,,,,
SF-1162,Barbara,Howard,barbara.howard@acmemanufacturing.com,(254) 200-6885,(658) 316-3841,Purchasing Manager,Manager,Acme Manufacturing,,Manufacturing,IL,MQL,Event,2023-04-25,2025-01-03,$10M-$50M,,https://linkedin.com/in/barbara-howard-228,,Rep D
SF-1153,Charles,Jones,charles.jones@brightpathedu.com,(566) 867-6901,(437) 639-7779,Director of Operations,Director,Brightpath Education,brightpathedu.com,Education,IN,Evangelist,Cold Call,2022-03-22,2025-03-13,1000000,,https://linkedin.com/in/charles-jones-738,,
SF-1323,Maria,Murphy,maria.murphy@corepointeng.com,(205) 474-4427,(700) 758-9188,Director of Operations,Director,Corepoint Engineering,corepointeng.com,Engineering,AZ,Evangelist,Trade Show,2022-08-11,2025-04-17,$10M,N/A,https://linkedin.com/in/maria-murphy-183,Left voicemail,Rep A
SF-1507,Betty,Morgan,betty.morgan@primecaremed.com,(973) 943-6251,(624) 776-5185,HR Manager,Manager,Primecare Medical Supply,primecaremed.com,Healthcare,MN,Lead,LinkedIn,2022-07-12,2025-05-07,$10M-$50M,50-200,,,Rep A
SF-1067,Raymond,Wood,,,(777) 873-1539,Director of Operations,Director,Precision Metals,precisionmetals.com,Energy,OH,Evangelist,,2023-06-20,2024-03-19,,,https://linkedin.com/in/raymond-wood-498,Needs predictive maintenance solution,Rep B
SF-1047,Stephen,Nguyen,stephen.nguyen@safeguardenv.com,,(135) 229-2101,HR Manager,Manager,Safeguard Environmental,,Construction,OR,Customer,Inbound,2023-06-19,2024-11-17,$50M-$100M,10-50,https://linkedin.com/in/stephen-nguyen-611,,Rep C
SF-1148,Andrew,Davis,andrew.davis@corepointeng.com,(536) 419-6395,(983) 241-6062,VP of Sales,VP,Corepoint Engineering,corepointeng.com,Engineering,AZ,Lead,Event,2024-12-23,2026-01-06,,200-500,https://linkedin.com/in/andrew-davis-883,,Rep C
SF-1496,Samantha,Young,samantha.young@novatechsolutions.com,(997) 671-7523,(755) 146-7908,Plant Manager,Manager,Novatech Solutions,novatechsolutions.com,Technology,NC,Opportunity,Event,2022-07-03,2024-06-04,,,https://linkedin.com/in/samantha-young-204,,
SF-1464,Barbara,Taylor,barbara.taylor@safeguardenv.com,(675) 210-4357,(368) 894-2665,Engineer,Individual Contributor,Safeguard Environmental,safeguardenv.com,Construction,,Customer,Trade Show,2022-07-25,2024-05-15,$10M,25,,,
SF-1568,Jonathan,Morris,jonathan.morris@safeguardenv.com,(594) 297-1711,(106) 750-9818,VP of Sales,VP,Safeguard Environmental,safeguardenv.com,Environmental Services,OR,Customer,Partner,2023-08-06,2024-04-29,$10M,25,https://linkedin.com/in/jonathan-morris-529,,Rep C
SF-1266,Timothy,Jackson,timothy.jackson@oakbridgefin.com,(384) 863-5621,(171) 246-2180,CTO,C-Suite,Oakbridge Financial,oakbridgefin.com,Manufacturing,CA,MQL,Trade Show,2019-12-09,2024-10-01,,10-50,https://linkedin.com/in/timothy-jackson-109,Interested in automation,Rep A
SF-1541,Jerry,Watson,jerry.watson@hightidemarine.com,(864) 731-1747,,Sales Manager,Manager,Hightide Marine,,Marine,GA,Customer,Cold Call,2020-05-20,2026-02-26,5000000,Unknown,https://linkedin.com/in/jerry-watson-606,Met at trade show 2024,
SF-1002,Michelle,Phillips,michelle.phillips@sunpeaksolar.com,(858) 669-3340,(369) 864-8019,IT Director,Director,Sunpeak Solar,sunpeaksolar.com,Financial Services,IL,Opportunity,Outbound,2024-04-01,2025-06-25,,10-50,https://linkedin.com/in/michelle-phillips-217,Needs predictive maintenance solution,Rep C
SF-1342,Chris,Foster,chris.foster@powergridutil.com,(880) 903-6206,,Maintenance Manager,Manager,Powergrid Utilities,powergridutil.com,Utilities,CA,Customer,,2022-09-30,2026-02-20,$10M-$50M,50-200,,Left voicemail,
SF-1518,,Lopez,raymond.lopez@clearwatertreat.com,,(290) 839-9432,Purchasing Manager,Manager,Clearwater Treatment,clearwatertreat.com,Water Treatment,IL,Opportunity,Trade Show,2022-06-27,2025-07-05,,N/A,https://linkedin.com/in/raymond-lopez-136,,
SF-1155,,Nelson,frank.nelson@metrodistribution.com,(888) 690-8774,(861) 339-8888,CTO,C-Suite,Metro Distribution,metrodistribution.com,,IL,Opportunity,Website,2023-08-23,2026-01-30,,,https://linkedin.com/in/frank-nelson-423,,Rep C
SF-1531,Sarah,James,sarah.james@deltafab.com,(737) 965-2797,(230) 136-4405,Maintenance Manager,Manager,Delta Fabrication,deltafab.com,Financial Services,IL,MQL,Cold Call,2020-02-27,2024-09-06,$50M-$100M,,https://linkedin.com/in/sarah-james-233,,Rep D
SF-1008,Janet,Cooper,jcooper@atlaslogistics.com,(478) 391-3584,(409) 885-6147,Owner,Owner/Founder,Atlas Logistics Group,,Logistics & Distribution,GA,SQL,Outbound,2020-06-28,2025-11-18,50M,50-200,,Looking for CRM cleanup,Rep B
SF-1158,Carol,Reyes,carol.reyes@precisionmetals.com,(414) 528-4285,(891) 551-2927,VP of Sales,VP,Precision Metals,,Technology,PA,MQL,Referral,2022-06-29,2025-09-19,$10M,200-500,,Met at trade show 2024,Rep D
SF-1298,Patricia,Foster,patricia.foster@harborviewprop.com,(154) 873-7433,(949) 765-2753,Plant Manager,Manager,Harborview Properties,harborviewprop.com,Automotive,PA,Evangelist,LinkedIn,2019-01-27,2025-05-11,$50M-$100M,,,Interested in automation,Rep A
SF-1069,William,Wright,william.wright@deltafab.com,(879) 376-2674,,Senior Engineer,Individual Contributor,Delta Fabrication,deltafab.com,Technology,OH,MQL,Outbound,2022-02-04,2025-03-07,,25,,,Rep B
SF-1104,Catherine,Ortiz,catherine.ortiz@greenfieldfarms.com,,(701) 567-4087,Plant Manager,Manager,Greenfield Farms,greenfieldfarms.com,Healthcare,OH,MQL,Cold Call,2019-05-15,2025-08-26,$5M-$10M,Unknown,https://linkedin.com/in/catherine-ortiz-484,Budget approved for Q2,
SF-1059,Dennis,Cox,dennis.cox@primecaremed.com,(283) 738-8319,(163) 948-9972,COO,C-Suite,Primecare Medical Supply,primecaremed.com,Healthcare,PA,Evangelist,Website,2024-06-25,2024-04-03,50M,450,,,Rep C
SF-1253,Catherine,Long,catherine.long@titanconcrete.com,(325) 240-3110,(868) 365-2438,CTO,C-Suite,Titan Concrete Supply,,Construction,MO,SQL,,2019-05-24,2024-03-27,$10M,,https://linkedin.com/in/catherine-long-275,,Rep C
SF-1044,David,Anderson,david.anderson@peakviewanalytics.com,,(244) 850-7338,Plant Manager,Manager,Peakview Analytics,,Technology,WA,SQL,Cold Call,2019-03-08,2024-12-31,1000000,,https://linkedin.com/in/david-anderson-206,Gatekeeper - need to get to director,Rep C
SF-1050,Amy,Chavez,,(396) 757-5949,(805) 161-3589,IT Director,Director,Ironclad Security Systems,ironcladsecurity.com,Security Services,AZ,Evangelist,Inbound,2022-11-15,2025-02-12,,1200,,,Rep B
SF-1608,Thomas,Sanchez,thomas.sanchez@evergreenrecycling.com,(302) 596-6551,(933) 762-7002,Maintenance Manager,Manager,Evergreen Recycling,evergreenrecycling.com,Waste Management,WA,Opportunity,,2024-08-12,2024-02-02,,Unknown,https://linkedin.com/in/thomas-sanchez-298,Follow up Q1,Rep B
SF-1165,Thomas,Ward,thomas.ward@sunpeaksolar.com,(379) 467-4869,(888) 492-4898,CTO,C-Suite,Sunpeak Solar,,Healthcare,OH,Lead,Cold Call,2024-03-15,2025-02-12,50M,1200,,Left voicemail,Rep D
SF-1040,Patrick,Hernandez,patrick.hernandez@clearwatertreat.com,,,HR Manager,Manager,Clearwater Treatment,clearwatertreat.com,Water Treatment,IL,Evangelist,Cold Call,2024-11-26,2024-04-05,5000000,10-50,,,Rep D
SF-1427,Emily,Foster,emily.foster@metrodistribution.com,(887) 765-5956,(414) 684-1554,Accountant,Individual Contributor,Metro Distribution,metrodistribution.com,Logistics & Distribution,WA,MQL,Outbound,2021-02-23,2024-12-19,,,https://linkedin.com/in/emily-foster-358,,Rep D
SF-1641,Nancy,Ross,nancy.ross@evergreenrecycling.com,(973) 134-5657,,VP of Sales,VP,Evergreen Recycling,evergreenrecycling.com,Logistics & Distribution,AZ,Evangelist,Cold Call,2020-07-08,2024-10-30,1000000,N/A,https://linkedin.com/in/nancy-ross-156,,Rep A
SF-1449,Dorothy,Flores,dorothy.flores@ironcladsecurity.com,(446) 620-8537,(217) 990-9615,Director of Operations,Director,Ironclad Security Systems,ironcladsecurity.com,Security Services,OH,MQL,Referral,2019-09-06,2019-10-11,$5M-$10M,1000+,https://linkedin.com/in/dorothy-flores-227,Needs predictive maintenance solution,Rep C
SF-1650,Samuel,Sanchez,samuel.sanchez@vanguardconstruction.com,(790) 478-7901,(697) 596-7687,Sales Manager,Manager,Vanguard Construction,,Construction,IL,Opportunity,Cold Call,2021-10-13,2024-11-30,,10-50,,Follow up Q1,
SF-1654,Larry,Williams,larry@northstardrilling.com,(607) 615-3570,(811) 902-7078,Sales Representative,Individual Contributor,Northstar Drilling,northstardrilling.com,Automotive,IL,Lead,Trade Show,2023-07-31,2024-04-15,$10M-$50M,150,,,Rep D
SF-1473,Margaret,Ruiz,margaret.ruiz@bluelineelectrical.com,(308) 773-7409,,CEO,C-Suite,Blueline Electrical,bluelineelectrical.com,Technology,GA,Lead,Trade Show,2024-09-29,2025-08-13,,450,https://linkedin.com/in/margaret-ruiz-268,,
SF-1248,Margaret,King,margaret.king@pacificsteelworks.com,(533) 427-6980,(109) 651-8546,COO,C-Suite,Pacific Steel Works,pacificsteelworks.com,Automotive,MN,Lead,LinkedIn,2024-05-13,2025-10-08,50M,,https://linkedin.com/in/margaret-king-160,Sent proposal 11/2024,Rep B
SF-1049,Sandra,Murphy,sandramurphy@gmail.com,(936) 690-9612,(519) 943-2208,CFO,C-Suite,Cryobuild Systems,cryobuild.com,Logistics & Distribution,FL,Evangelist,Trade Show,2022-11-18,2025-06-15,$5M-$10M,,https://linkedin.com/in/sandra-murphy-664,,Rep A
SF-1343,Margaret,Moore,margaret.moore@swiftcargofreight.com,,(445) 379-8736,Accountant,Individual Contributor,Swiftcargo Freight,swiftcargofreight.com,Logistics & Distribution,PA,SQL,Cold Call,2022-04-15,2024-03-07,$50M-$100M,450,,Not interested right now,
SF-1289,David,Stewart,david.stewart@proflowsupply.com,(520) 705-1771,(969) 756-2989,IT Director,Director,Proflow Plumbing Supply,proflowsupply.com,Wholesale & Distribution,AZ,Evangelist,Cold Call,2023-11-20,2024-08-19,,,https://linkedin.com/in/david-stewart-477,Needs predictive maintenance solution,Rep A
SF-1244,Mark,White,mark.white@greenfieldfarms.com,(311) 851-3721,(187) 486-3042,Maintenance Manager,Manager,Greenfield Farms,greenfieldfarms.com,Energy,,Lead,Outbound,2024-10-31,2026-02-18,,25,https://linkedin.com/in/mark-white-444,,Rep B
SF-1356,Robert,Phillips,robert.phillips@brightpathedu.com,(832) 988-3500,(456) 170-6365,VP of Sales,VP,Brightpath Education,brightpathedu.com,Financial Services,PA,MQL,Trade Show,2022-12-26,2024-01-28,,450,,Met at trade show 2024,Rep B
SF-1494,William,Cruz,,(608) 466-5982,(625) 855-4819,Purchasing Manager,Manager,Cryobuild Systems,cryobuild.com,Industrial Equipment,TX,Lead,LinkedIn,2025-01-21,2024-02-17,1000000,50-200,https://linkedin.com/in/william-cruz-284,Left voicemail,Rep D
SF-1637,Katherine,James,katherine.james@deltafab.com,(359) 428-8512,(109) 287-5362,Accountant,Individual Contributor,Delta Fabrication,deltafab.com,Healthcare,,Evangelist,LinkedIn,2019-06-22,2024-12-26,N/A,1000+,https://linkedin.com/in/katherine-james-181,Referred by existing customer,Rep C
SF-1038,Laura,Ruiz,laura@primecaremed.com,(426) 541-3754,(459) 844-3419,Engineer,Individual Contributor,Primecare Medical Supply,,Automotive,NY,Customer,Website,2024-01-13,2025-11-28,,,,Sent proposal 11/2024,Rep D
SF-1101,Gregory,Rivera,,(942) 772-3999,(543) 870-2463,CTO,C-Suite,Clearwater Treatment,,Technology,GA,SQL,Inbound,2021-12-03,2025-08-22,,450,,Looking for CRM cleanup,Rep B
SF-1677,Justin,Nguyen,justin.nguyen@cryobuild.com,(267) 642-4570,(827) 526-8860,Accountant,Individual Contributor,Cryobuild Systems,cryobuild.com,Industrial Equipment,PA,Opportunity,Event,2021-05-03,2024-05-01,50M,N/A,https://linkedin.com/in/justin-nguyen-715,Decision maker,Rep A
SF-1030,Robert,James,robert.james@powergridutil.com,(493) 994-4770,(560) 424-4115,Director of Operations,Director,Powergrid Utilities,,Logistics & Distribution,MN,Evangelist,Trade Show,2019-06-11,2024-11-12,$1M-$5M,N/A,,Sent proposal 11/2024,Rep B
SF-1616,James,Cooper,james@bluelineelectrical.com,(827) 763-6325,,IT Director,Director,Blueline Electrical,bluelineelectrical.com,Electrical,GA,SQL,Trade Show,2019-07-15,2024-11-01,,10-50,,,Rep C
SF-1597,Sandra,Moore,,(950) 544-5918,(151) 123-9438,HR Manager,Manager,Peakview Analytics,peakviewanalytics.com,Construction,NV,MQL,Partner,2019-12-04,2024-04-08,$5M-$10M,Unknown,https://linkedin.com/in/sandra-moore-761,,
SF-1283,Anna,Lee,anna.lee@safeguardenv.com,(280) 785-7265,,CFO,C-Suite,Safeguard Environmental,,Logistics & Distribution,TX,Evangelist,Website,2020-02-28,2024-04-23,,,,,Rep C
SF-1652,Timothy,Garcia,timothy.garcia@apexindustrial.com,(801) 323-1179,(800) 244-2937,Senior Accountant,Individual Contributor,Apex Industrial Services,apexindustrial.com,Industrial Services,OH,Lead,Website,2021-08-29,2021-11-19,,10-50,https://linkedin.com/in/timothy-garcia-447,,Rep C
SF-1380,Matthew,Morgan,matthew.morgan@safeguardenv.com,(683) 367-2777,(548) 856-3338,Senior Engineer,Individual Contributor,Safeguard Environmental,safeguardenv.com,Automotive,MN,MQL,Website,2021-05-11,2026-01-12,,200-500,,Follow up Q1,Rep A
SF-1256,Charles,Lewis,charles.lewis@sunpeaksolar.com,(639) 845-6022,(664) 708-7597,Engineer,Individual Contributor,Sunpeak Solar,sunpeaksolar.com,,IL,Lead,Cold Call,2023-02-25,2025-12-25,Unknown,N/A,,,Rep C
SF-1132,Ashley,Stewart,,(895) 820-4259,(865) 864-9821,Maintenance Manager,Manager,Proflow Plumbing Supply,,Wholesale & Distribution,OH,SQL,Inbound,2022-08-24,2025-11-20,N/A,50-200,,,Rep B
SF-1102,Amy,Thomas,amy.thomas@sterlingchemical.com,(783) 668-3346,(420) 749-1950,CFO,C-Suite,Sterling Chemical,sterlingchemical.com,Chemical,IN,Lead,Cold Call,2023-11-12,2025-10-10,5000000,150,,,Rep C
SF-1394,Ronald,Long,ronald.long@deltafab.com,(988) 482-3344,(675) 249-5468,Maintenance Manager,Manager,Delta Fabrication,deltafab.com,Manufacturing,PA,Customer,Website,2020-05-08,2024-10-29,N/A,1200,https://linkedin.com/in/ronald-long-389,,Rep A
SF-1432,Elizabeth,Martin,elizabethmartin@gmail.com,(712) 984-9758,(904) 185-6836,Maintenance Manager,Manager,Pacific Steel Works,pacificsteelworks.com,Manufacturing,NY,MQL,Cold Call,2022-11-02,2024-06-13,N/A,450,https://linkedin.com/in/elizabeth-martin-875,Met at trade show 2024,Rep D
SF-1062,James,Long,james.long@cryobuild.com,(293) 996-2848,(657) 812-1797,Accountant,Individual Contributor,Cryobuild Systems,cryobuild.com,Industrial Equipment,GA,Evangelist,Website,2023-07-06,2025-03-25,,,https://linkedin.com/in/james-long-157,,
SF-1073,Donald,Phillips,donald.phillips@novatechsolutions.com,(921) 419-4371,,COO,C-Suite,Novatech Solutions,,Healthcare,MN,SQL,Inbound,2024-02-19,2025-09-24,,1000+,https://linkedin.com/in/donald-phillips-704,,Rep C
SF-1149,Sharon,Myers,sharon.myers@sunpeaksolar.com,(827) 436-4804,(288) 972-7348,VP of Sales,VP,Sunpeak Solar,sunpeaksolar.com,Energy,IN,SQL,Outbound,2021-06-30,2021-09-24,$50M-$100M,,https://linkedin.com/in/sharon-myers-549,Referred by existing customer,Rep B
SF-1020,Brenda,Ward,brenda.ward@sterlingchemical.com,(668) 876-4937,(702) 658-1282,Marketing Manager,Manager,Sterling Chemical,sterlingchemical.com,Healthcare,NY,SQL,Trade Show,2023-02-20,2025-04-29,1000000,N/A,https://linkedin.com/in/brenda-ward-460,Budget approved for Q2,Rep B
SF-1308,Margaret,Clark,margaret.clark@sterlingchemical.com,(226) 823-6508,(468) 971-4547,Purchasing Manager,Manager,Sterling Chemical,sterlingchemical.com,Financial Services,CA,Evangelist,Cold Call,2019-08-22,2019-09-05,N/A,1000+,https://linkedin.com/in/margaret-clark-647,,
SF-1317,Chris,Cook,chris.cook@metrodistribution.com,(239) 643-2645,(733) 525-4119,Sales Manager,Manager,Metro Distribution,metrodistribution.com,Manufacturing,MO,Evangelist,Website,2021-10-04,2024-05-20,$50M-$100M,1000+,,,Rep B
SF-1598,Kenneth,Martin,kenneth.martin@cryobuild.com,(444) 484-7764,(688) 721-5102,VP of Sales,VP,Cryobuild Systems,cryobuild.com,Manufacturing,,Evangelist,Website,2025-01-17,2024-04-03,$10M-$50M,Unknown,,,Rep A
SF-1382,Frank,Robinson,frank.robinson@acmemanufacturing.com,(560) 866-4893,(553) 851-8454,CEO,C-Suite,Acme Manufacturing,,,,MQL,Cold Call,2022-03-20,2025-10-14,5000000,200-500,,,Rep D
SF-1016,Maria,Jimenez,maria.jimenez@mountaintoptelecom.com,(753) 282-3267,,Purchasing Manager,Manager,Mountaintop Telecom,mountaintoptelecom.com,Telecommunications,WI,Evangelist,Website,2023-04-08,2025-05-03,,150,https://linkedin.com/in/maria-jimenez-955,,
SF-1666,Maria,Rogers,maria.rogers@stonewallmasonry.com,(636) 217-9397,(525) 681-1686,COO,C-Suite,Stonewall Masonry,stonewallmasonry.com,Construction,NY,Opportunity,Website,2021-10-01,2021-11-23,,1000+,https://linkedin.com/in/maria-rogers-374,,Rep A
SF-1206,Michelle,Ramos,,(818) 465-2742,,IT Director,Director,Riverbend Paper Mill,,Manufacturing,MI,Lead,Cold Call,2020-07-07,2024-01-15,,N/A,https://linkedin.com/in/michelle-ramos-979,,Rep B
SF-1679,Donna,Nguyen,donna.nguyen@sterlingchemical.com,(757) 490-2348,(698) 474-2882,CEO,C-Suite,Sterling Chemical,sterlingchemical.com,Chemical,NV,Lead,Partner,2019-01-13,2024-12-10,,,,,Rep A
SF-1454,Benjamin,Mendoza,benjamin.mendoza@titanconcrete.com,(226) 991-9617,(974) 617-4190,Director of Operations,Director,Titan Concrete Supply,titanconcrete.com,Energy,,Customer,Cold Call,2019-10-29,2024-09-02,1000000,50-200,,Gatekeeper - need to get to director,Rep B
SF-1436,Maria,Nelson,maria@safeguardenv.com,(763) 972-9868,(281) 929-9993,Sales Manager,Manager,Safeguard Environmental,safeguardenv.com,Environmental Services,WI,Evangelist,Event,2022-05-02,2025-07-19,$5M-$10M,10-50,,Interested in automation,Rep A
SF-1599,Karen,Gomez,karen.gomez@deltafab.com,(678) 432-6873,(397) 621-6104,Marketing Manager,Manager,Delta Fabrication,,Financial Services,,MQL,Website,2020-01-23,2026-03-01,$10M-$50M,25,,,Rep B
SF-1451,Jacob,Garcia,jacob.garcia@sterlingchemical.com,(243) 391-7607,(938) 891-7046,Account Executive,Individual Contributor,Sterling Chemical,,Energy,,Evangelist,Website,2019-12-13,2025-04-26,5000000,1000+,https://linkedin.com/in/jacob-garcia-934,,Rep B
SF-1615,Justin,Peterson,,(284) 864-7770,(125) 989-2170,Accountant,Individual Contributor,Blueline Electrical,bluelineelectrical.com,Energy,TX,MQL,LinkedIn,2022-02-19,2022-04-09,$5M-$10M,450,,,
SF-1287,Betty,Castillo,betty.castillo@peakviewanalytics.com,(639) 404-6782,(560) 271-1553,Maintenance Manager,Manager,Peakview Analytics,,Technology,OH,SQL,Outbound,2021-01-31,2025-01-01,,,,,Rep A
SF-1077,Laura,Morales,laura.morales@safeguardenv.com,(914) 566-2037,(607) 423-8039,Sales Manager,Manager,Safeguard Environmental,,Environmental Services,PA,Opportunity,LinkedIn,2022-08-15,2024-10-17,,,https://linkedin.com/in/laura-morales-907,,Rep A
SF-1648,Betty,Castillo,betty.castillo@westsideautoparts.com,(715) 719-1875,(642) 699-1697,COO,C-Suite,Westside Auto Parts,westsideautoparts.com,Automotive,TN,Lead,Website,2020-11-19,2024-02-12,N/A,,https://linkedin.com/in/betty-castillo-194,,Rep C
SF-1457,Brian,Rivera,brian.rivera@atlaslogistics.com,(981) 774-3336,(737) 470-5757,CEO,C-Suite,Atlas Logistics Group,atlaslogistics.com,Logistics & Distribution,TX,Lead,Trade Show,2022-05-30,2025-07-21,,450,https://linkedin.com/in/brian-rivera-450,,
SF-1082,Shirley,Morgan,shirley.morgan@swiftcargofreight.com,(849) 981-2083,(159) 350-2412,COO,C-Suite,Swiftcargo Freight,,Logistics & Distribution,CA,SQL,Event,2024-10-19,2024-11-22,,,https://linkedin.com/in/shirley-morgan-375,Interested in automation,Rep D
SF-1460,Catherine,Williams,catherine.williams@falconaerospace.com,(644) 549-1490,,CEO,C-Suite,Falcon Aerospace,falconaerospace.com,Aerospace & Defense,WA,Opportunity,Trade Show,2019-10-26,2024-08-09,,150,,Follow up Q1,Rep C
SF-1475,Larry,Foster,larry@hightidemarine.com,(797) 718-7807,(660) 751-8245,Accountant,Individual Contributor,Hightide Marine,hightidemarine.com,Marine,NC,SQL,,2020-11-17,2024-05-21,1000000,N/A,https://linkedin.com/in/larry-foster-386,,Rep C
SF-1159,,Thompson,deborah.thompson@evergreenrecycling.com,(402) 930-9740,(800) 759-8625,HR Manager,Manager,Evergreen Recycling,evergreenrecycling.com,Waste Management,GA,MQL,Cold Call,2021-11-22,2025-01-07,N/A,25,https://linkedin.com/in/deborah-thompson-432,,Rep C
SF-1434,Benjamin,Brooks,benjamin.brooks@oakbridgefin.com,(529) 857-7043,,Plant Manager,Manager,Oakbridge Financial,,Financial Services,OR,Lead,Cold Call,2020-01-29,2020-04-15,$5M-$10M,450,,Gatekeeper - need to get to director,Rep A
SF-1024,Emily,Cruz,emily.cruz@pacificsteelworks.com,(642) 952-6280,(226) 293-4750,Maintenance Manager,Manager,Pacific Steel Works,pacificsteelworks.com,Manufacturing,WI,Customer,Website,2022-01-08,2025-08-13,,450,https://linkedin.com/in/emily-cruz-552,Follow up Q1,Rep D
SF-1582,Nicole,Morales,nicole.morales@goldstarpackaging.com,(937) 786-3734,(655) 679-1769,VP of Sales,VP,Goldstar Packaging,goldstarpackaging.com,,WA,Opportunity,Website,2021-04-30,2024-08-14,1000000,,https://linkedin.com/in/nicole-morales-420,Needs predictive maintenance solution,Rep D
SF-1042,Amy,Foster,amyfoster@gmail.com,(554) 725-5668,,IT Director,Director,Goldstar Packaging,goldstarpackaging.com,Packaging,OH,MQL,Website,2020-07-20,2020-08-22,,25,https://linkedin.com/in/amy-foster-205,Needs predictive maintenance solution,Rep B
SF-1536,Kimberly,Gray,kimberly.gray@deltafab.com,(808) 903-2607,(617) 351-4933,Director of Operations,Director,Delta Fabrication,deltafab.com,,MI,Opportunity,LinkedIn,2021-06-22,2024-07-24,$50M-$100M,N/A,https://linkedin.com/in/kimberly-gray-388,Follow up Q1,Rep C
SF-1339,Kevin,Hill,khill@precisionmetals.com,(541) 381-6658,(491) 624-2290,Project Engineer,Individual Contributor,Precision Metals,precisionmetals.com,Manufacturing,NV,Lead,Website,2021-02-23,2021-05-08,,1200,https://linkedin.com/in/kevin-hill-912,,Rep D
SF-1302,Edward,Rodriguez,edward.rodriguez@precisionmetals.com,(978) 437-4876,(278) 845-7292,CEO,C-Suite,Precision Metals,precisionmetals.com,Financial Services,OH,Evangelist,Website,2021-03-29,2024-07-19,,1000+,,Left voicemail,Rep B
SF-1363,Matthew,Allen,matthew.allen@metrodistribution.com,(469) 264-6987,,CEO / Founder,C-Suite,Metro Distribution,,Logistics & Distribution,OR,Opportunity,Event,2019-12-06,2025-05-31,,1200,,Not interested right now,Rep C
SF-1335,Matthew,Walker,matthew.walker@titanconcrete.com,(682) 763-7456,(683) 884-7165,Sales Representative,Individual Contributor,Titan Concrete Supply,titanconcrete.com,Construction,OR,Evangelist,Trade Show,2020-01-28,2025-01-31,,200-500,,,Rep D
SF-1504,Daniel,Brooks,daniel.brooks@trailblazertrans.com,(813) 702-7322,(371) 626-3864,Director of Operations,Director,Trailblazer Transport,trailblazertrans.com,Technology,TX,SQL,Trade Show,2024-03-28,2024-12-12,$50M-$100M,50-200,,Follow up Q1,Rep C
SF-1005,Helen,Davis,helen.davis@bluelineelectrical.com,(752) 335-8744,(294) 196-2588,Owner,Owner/Founder,Blueline Electrical,bluelineelectrical.com,Construction,TX,MQL,Outbound,2021-01-21,2024-10-12,$5M-$10M,1200,,Needs predictive maintenance solution,Rep B
SF-1053,Scott,Baker,scott.baker@clearwatertreat.com,(889) 312-7824,(942) 904-1436,Purchasing Manager,Manager,Clearwater Treatment,clearwatertreat.com,Water Treatment,MN,Opportunity,LinkedIn,2021-07-21,2026-01-08,,1200,https://linkedin.com/in/scott-baker-734,Left voicemail,Rep A
SF-1046,Helen,White,,(523) 517-9444,,Purchasing Manager,Manager,Apex Industrial Services,apexindustrial.com,Healthcare,CO,MQL,Partner,2024-07-30,2025-01-11,$10M,,,,Rep B
SF-1516,Nicole,Adams,nicole@sunpeaksolar.com,(446) 292-3232,(274) 598-9884,Owner,Owner/Founder,Sunpeak Solar,,Construction,WA,Lead,Referral,2023-03-03,2024-01-02,50M,50-200,https://linkedin.com/in/nicole-adams-772,,Rep A
SF-1465,Joshua,Flores,joshuaflores@gmail.com,(951) 204-7526,(291) 176-1229,IT Director,Director,Corepoint Engineering,corepointeng.com,Engineering,FL,Evangelist,Trade Show,2021-12-05,2025-06-15,5000000,,https://linkedin.com/in/joshua-flores-852,,Rep B
SF-1128,,Torres,anna.torres@northstardrilling.com,,(788) 456-8254,Maintenance Manager,Manager,Northstar Drilling,,Energy - Oil & Gas,CO,Customer,Partner,2021-09-23,2026-02-14,,Unknown,,,Rep A
SF-1037,,Ramirez,kimberlyramirez@gmail.com,(256) 207-4349,(609) 864-8055,Marketing Manager,Manager,Clearwater Treatment,clearwatertreat.com,Healthcare,TN,Lead,Partner,2019-11-15,2024-11-16,,Unknown,,,
SF-1585,Richard,Carter,richard.carter@falconaerospace.com,(657) 708-7911,,CFO,C-Suite,Falcon Aerospace,falconaerospace.com,Technology,MO,SQL,Website,2023-03-10,2024-05-07,,1200,,,Rep D
SF-1530,Larry,Gutierrez,larry.gutierrez@precisionmetals.com,(818) 421-2100,(276) 922-9340,Plant Manager,Manager,Precision Metals,precisionmetals.com,Manufacturing,OH,Evangelist,Website,2024-05-06,2024-06-15,,,,,Rep B
SF-1556,Mary,Robinson,mary.robinson@cryobuild.com,(638) 667-6983,(210) 648-7993,Sales Manager,Manager,Cryobuild Systems,cryobuild.com,Healthcare,IL,SQL,Trade Show,2019-08-21,2024-06-26,,10-50,,Not interested right now,Rep C
SF-1222,Jerry,Gomez,jerry.gomez@goldstarpackaging.com,,(926) 566-4137,VP of Sales,VP,Goldstar Packaging,goldstarpackaging.com,Energy,NY,Lead,LinkedIn,2024-07-11,2025-12-21,$50M-$100M,,https://linkedin.com/in/jerry-gomez-753,,Rep D
SF-1442,Jennifer,Clark,,(111) 701-7703,(812) 749-4951,HR Manager,Manager,Riverbend Paper Mill,riverbendpaper.com,Manufacturing,TX,Opportunity,Cold Call,2022-02-08,2022-04-19,,N/A,,Not interested right now,Rep A
SF-1036,Rebecca,Bailey,rebecca.bailey@swiftcargofreight.com,(547) 559-1100,,Maintenance Manager,Manager,Swiftcargo Freight,swiftcargofreight.com,Logistics & Distribution,MI,Evangelist,Inbound,2019-12-14,2019-12-21,,10-50,https://linkedin.com/in/rebecca-bailey-378,,Rep D
SF-1488,Maria,Thomas,mariathomas@gmail.com,(192) 600-3652,(310) 550-1996,Accountant,Individual Contributor,Clearwater Treatment,clearwatertreat.com,Automotive,OR,MQL,Website,2024-03-07,2025-12-30,,,,Sent proposal 11/2024,Rep D
SF-1031,Heather,Cooper,heather.cooper@primecaremed.com,(991) 446-2886,(210) 791-4830,Maintenance Manager,Manager,Primecare Medical Supply,,Healthcare,NY,Evangelist,,2024-03-16,2025-12-18,,200-500,,,Rep B
SF-1135,Alexander,Cooper,alexander.cooper@novatechsolutions.com,(432) 291-8239,(647) 108-9059,Senior Accountant,Individual Contributor,Novatech Solutions,,Technology,MI,Lead,Website,2023-10-30,2024-10-26,$1M-$5M,500-1000,,,Rep D
SF-1353,Joshua,Mitchell,joshua.mitchell@cryobuild.com,(480) 309-2219,(433) 840-8859,COO,C-Suite,Cryobuild Systems,cryobuild.com,Technology,FL,SQL,Referral,2024-04-16,2024-05-17,$5M-$10M,N/A,,,Rep B
SF-1408,,Sanchez,gregory.sanchez@quantumdatasys.com,(796) 623-2898,(437) 407-3414,Marketing Manager,Manager,Quantum Data Systems,quantumdatasys.com,Technology,MI,MQL,Cold Call,2023-05-20,2024-01-12,$10M,50-200,https://linkedin.com/in/gregory-sanchez-372,,Rep B
SF-1279,Michael,Lopez,michael.lopez@trailblazertrans.com,(364) 913-8156,(179) 840-3369,Account Executive,Individual Contributor,Trailblazer Transport,,Financial Services,,MQL,Trade Show,2024-01-15,2025-10-16,$5M-$10M,,https://linkedin.com/in/michael-lopez-292,,Rep D
SF-1288,Patrick,Nelson,patrick.nelson@titanconcrete.com,(798) 874-8130,(921) 605-9169,Sales Manager,Manager,Titan Concrete Supply,titanconcrete.com,Construction,MI,Lead,Trade Show,2019-01-20,2025-04-17,,150,,,Rep A
SF-1627,Betty,Sanchez,betty.sanchez@harborviewprop.com,(506) 340-4277,(598) 557-5522,Maintenance Manager,Manager,Harborview Properties,harborviewprop.com,Energy,MI,Opportunity,Partner,2023-05-10,2025-06-19,5000000,10-50,,,
SF-1144,Jason,Thomas,jason.thomas@bluelineelectrical.com,,(351) 335-6507,Engineer,Individual Contributor,Blueline Electrical,bluelineelectrical.com,Electrical,NY,Opportunity,Website,2019-07-21,2025-07-15,$5M-$10M,150,https://linkedin.com/in/jason-thomas-233,Referred by existing customer,
SF-1051,,Miller,richard.miller@falconaerospace.com,(394) 981-3610,(627) 578-9171,CTO,C-Suite,Falcon Aerospace,,Aerospace & Defense,MI,Opportunity,Website,2024-04-11,2024-10-19,$5M-$10M,1000+,https://linkedin.com/in/richard-miller-882,,
SF-1571,Nancy,Cox,nancy.cox@clearwatertreat.com,(411) 608-9788,(309) 589-5799,Purchasing Manager,Manager,Clearwater Treatment,,Water Treatment,WI,Customer,Website,2021-12-22,2024-10-23,,200-500,https://linkedin.com/in/nancy-cox-627,Met at trade show 2024,Rep A
SF-1273,Patricia,Walker,,(233) 446-5410,,VP of Sales,VP,Falcon Aerospace,falconaerospace.com,Healthcare,TN,MQL,Cold Call,2020-02-03,2024-12-05,N/A,1200,https://linkedin.com/in/patricia-walker-253,,Rep A
SF-1140,,Gonzalez,josephgonzalez@gmail.com,(132) 684-7366,(413) 871-9051,CTO,C-Suite,Mountaintop Telecom,,Telecommunications,NY,Opportunity,Website,2019-09-06,2025-01-04,5000000,N/A,,Needs predictive maintenance solution,Rep C
SF-1351,Steven,Baker,steven.baker@sunpeaksolar.com,(721) 681-9122,(789) 411-2549,CEO,C-Suite,Sunpeak Solar,sunpeaksolar.com,Energy,GA,MQL,LinkedIn,2024-08-17,2024-11-08,,50-200,https://linkedin.com/in/steven-baker-724,,Rep B
SF-1489,Donna,Sanchez,donna.sanchez@powergridutil.com,(892) 563-8320,(721) 512-3565,Accountant,Individual Contributor,Powergrid Utilities,powergridutil.com,Financial Services,NC,Lead,Inbound,2019-09-20,2019-11-27,,,https://linkedin.com/in/donna-sanchez-119,,Rep D
SF-1634,Kenneth,Ward,kenneth.ward@corepointeng.com,(215) 389-6878,(266) 378-4801,COO,C-Suite,Corepoint Engineering,corepointeng.com,Construction,TX,Customer,Referral,2023-08-24,2025-04-27,$1M-$5M,150,https://linkedin.com/in/kenneth-ward-377,Decision maker,
SF-1587,Rachel,Walker,rachel.walker@metrodistribution.com,(221) 857-7960,(773) 322-2731,Marketing Manager,Manager,Metro Distribution,metrodistribution.com,Logistics & Distribution,CO,SQL,Website,2019-05-24,2019-06-19,,,https://linkedin.com/in/rachel-walker-635,Needs predictive maintenance solution,Rep D
SF-1429,Patrick,Baker,patrick@swiftcargofreight.com,(954) 961-9273,(500) 641-4222,Owner,Owner/Founder,Swiftcargo Freight,swiftcargofreight.com,Construction,NV,Opportunity,Partner,2021-08-03,2024-11-18,$50M-$100M,1000+,https://linkedin.com/in/patrick-baker-972,,Rep C
SF-1487,,Green,brian.green@corepointeng.com,(233) 455-1960,,VP of Sales,VP,Corepoint Engineering,,Engineering,MI,Opportunity,,2020-12-07,2024-09-09,,200-500,https://linkedin.com/in/brian-green-357,,Rep A
SF-1554,Paul,Price,,(261) 786-3223,(399) 287-5343,Staff Engineer,Individual Contributor,Primecare Medical Supply,primecaremed.com,Healthcare,TX,Customer,Website,2022-07-09,2025-12-28,$10M-$50M,1000+,,,Rep A
SF-1624,Deborah,Morris,deborah.morris@apexindustrial.com,,(703) 878-5127,COO,C-Suite,Apex Industrial Services,apexindustrial.com,Industrial Services,GA,SQL,Referral,2022-03-23,2025-08-06,,,,Left voicemail,Rep D
SF-1523,James,Scott,james.scott@hightidemarine.com,(491) 265-2179,,Director of Operations,Director,Hightide Marine,hightidemarine.com,Manufacturing,WI,Lead,Website,2019-08-31,2025-02-21,,10-50,https://linkedin.com/in/james-scott-507,,
SF-1237,Kevin,Bailey,,(377) 215-7588,(212) 598-4485,Accountant,Individual Contributor,Greenfield Farms,greenfieldfarms.com,Agriculture,OR,MQL,Referral,2022-02-14,2025-10-27,$1M-$5M,,,,Rep A
SF-1231,Paul,Johnson,paul.johnson@redrockmining.com,(701) 904-8679,,Engineer,Individual Contributor,Redrock Mining,redrockmining.com,Healthcare,CA,Opportunity,Outbound,2023-07-11,2026-02-20,$10M,,https://linkedin.com/in/paul-johnson-681,Follow up Q1,Rep C
SF-1199,Emily,Myers,emily.myers@peakviewanalytics.com,(341) 732-8388,(909) 607-4476,COO,C-Suite,Peakview Analytics,peakviewanalytics.com,Energy - Oil & Gas,CO,Lead,Inbound,2021-08-19,2025-04-27,,,https://linkedin.com/in/emily-myers-929,,Rep C
SF-1647,Melissa,Gomez,melissa.gomez@ironcladsecurity.com,(608) 900-5566,(910) 961-1344,Founder,Owner/Founder,Ironclad Security Systems,ironcladsecurity.com,Security Services,OR,Customer,Event,2019-02-20,2019-03-12,$10M-$50M,25,,Budget approved for Q2,Rep B
SF-1034,Robert,Thompson,robert.thompson@corepointeng.com,(807) 311-8405,(408) 569-1510,Sales Manager,Manager,Corepoint Engineering,corepointeng.com,Logistics & Distribution,NY,Opportunity,Website,2024-12-13,2024-10-28,,N/A,,,Rep D
SF-1278,Jacob,Wilson,jacob@vanguardconstruction.com,,(815) 992-7230,Staff Engineer,Individual Contributor,Vanguard Construction,,Financial Services,TX,MQL,Website,2021-07-09,2024-01-24,Unknown,1000+,https://linkedin.com/in/jacob-wilson-185,,Rep D
SF-1630,Paul,Scott,paul.scott@titanconcrete.com,(234) 795-7352,,HR Manager,Manager,Titan Concrete Supply,,Construction,AZ,Lead,Cold Call,2024-02-05,2025-10-27,$10M,1000+,https://linkedin.com/in/paul-scott-472,,Rep A
SF-1410,Dennis,Taylor,dennis.taylor@oakbridgefin.com,,(599) 495-3248,CTO,C-Suite,Oakbridge Financial,oakbridgefin.com,Financial Services,AZ,Lead,Cold Call,2024-06-28,2024-12-16,,1000+,https://linkedin.com/in/dennis-taylor-377,Looking for CRM cleanup,Rep C
SF-1116,Frank,Adams,frank.adams@sterlingchemical.com,(583) 726-9335,,Purchasing Manager,Manager,Sterling Chemical,,Chemical,FL,MQL,Event,2023-11-18,2025-10-24,$5M-$10M,200-500,,Met at trade show 2024,Rep C
SF-1028,Rachel,Carter,rachel.carter@sterlingchemical.com,(995) 965-8213,(765) 182-6383,CFO,C-Suite,Sterling Chemical,sterlingchemical.com,Chemical,GA,Evangelist,Trade Show,2022-03-23,2024-08-20,5000000,Unknown,https://linkedin.com/in/rachel-carter-202,,Rep A
SF-1358,Raymond,Hill,raymond@bluelineelectrical.com,(531) 246-3305,(381) 778-1151,Staff Engineer,Individual Contributor,Blueline Electrical,bluelineelectrical.com,Electrical,IL,Customer,Cold Call,2020-07-28,2025-12-12,$1M-$5M,,https://linkedin.com/in/raymond-hill-987,Budget approved for Q2,Rep B
SF-1173,Jerry,Collins,jerry.collins@precisionmetals.com,(335) 897-2804,(404) 584-4615,CTO,C-Suite,Precision Metals,,Financial Services,NY,MQL,Outbound,2023-03-10,2024-05-19,$50M-$100M,1000+,,,Rep B
SF-1110,Betty,Wood,betty.wood@riverbendpaper.com,(814) 684-6952,(316) 299-4633,Plant Manager,Manager,Riverbend Paper Mill,riverbendpaper.com,Manufacturing,CA,SQL,Inbound,2022-04-10,2022-06-20,N/A,,https://linkedin.com/in/betty-wood-604,,Rep A
SF-1398,Donald,Howard,donald.howard@peakviewanalytics.com,,,Sales Representative,Individual Contributor,Peakview Analytics,peakviewanalytics.com,Energy,FL,Evangelist,Cold Call,2022-05-08,2025-12-07,,25,,Not interested right now,Rep C
SF-1686,Janet,Ramos,janet.ramos@brightpathedu.com,(331) 338-3238,(989) 701-3137,Accountant,Individual Contributor,Brightpath Education,brightpathedu.com,Construction,MN,SQL,Event,2022-06-10,2024-08-02,,,,,Rep A
SF-1033,Laura,Lopez,laura.lopez@titanconcrete.com,(410) 270-4394,(438) 536-3417,IT Director,Director,Titan Concrete Supply,titanconcrete.com,Construction,MN,Lead,LinkedIn,2020-08-15,2020-09-01,$10M-$50M,,https://linkedin.com/in/laura-lopez-234,,Rep C
SF-1113,Betty,Long,betty.long@goldstarpackaging.com,(912) 494-1769,(596) 626-6122,Plant Manager,Manager,Goldstar Packaging,goldstarpackaging.com,Energy - Oil & Gas,MO,Evangelist,Cold Call,2023-02-15,2023-05-02,,,https://linkedin.com/in/betty-long-298,,Rep B
SF-1225,Benjamin,Cruz,benjamin.cruz@proflowsupply.com,(910) 266-3089,(408) 725-8075,Director of Operations,Director,Proflow Plumbing Supply,proflowsupply.com,Wholesale & Distribution,MN,Opportunity,Trade Show,2019-02-13,2019-04-13,5000000,,,Decision maker,Rep C
SF-1633,Jerry,Rodriguez,jrodriguez@powergridutil.com,(985) 721-2312,(780) 749-3617,VP of Sales,VP,Powergrid Utilities,,Utilities,IN,Lead,Event,2020-09-22,2025-03-04,$50M-$100M,500-1000,,,Rep D
SF-1223,Daniel,Peterson,daniel.peterson@greenfieldfarms.com,(330) 465-4734,(946) 480-4143,CTO,C-Suite,Greenfield Farms,greenfieldfarms.com,Agriculture,CA,Evangelist,Trade Show,2024-12-22,2025-09-21,,450,,,Rep C
SF-1612,Gary,Bennett,,(503) 274-5943,(151) 265-3830,Plant Manager,Manager,Atlas Logistics Group,,Automotive,OR,Lead,Partner,2023-09-03,2025-03-14,,,https://linkedin.com/in/gary-bennett-486,Follow up Q1,Rep B
SF-1628,Jennifer,Scott,jennifer.scott@trailblazertrans.com,,(943) 498-5186,Chief Exec Officer,Unknown,Trailblazer Transport,trailblazertrans.com,Transportation,WI,Lead,Cold Call,2023-01-10,2024-10-27,1000000,150,https://linkedin.com/in/jennifer-scott-240,,Rep D
SF-1462,Michael,Rodriguez,michael.rodriguez@sterlingchemical.com,(664) 617-3903,(734) 400-8263,Purchasing Manager,Manager,Sterling Chemical,sterlingchemical.com,Chemical,NV,Evangelist,Cold Call,2019-07-26,2026-01-17,Unknown,,,,Rep B
SF-1419,Melissa,Moore,melissa.moore@acmemanufacturing.com,(737) 677-9514,(869) 357-9576,Engineer,Individual Contributor,Acme Manufacturing,acmemanufacturing.com,Construction,MN,Opportunity,Outbound,2023-03-20,2024-11-02,1000000,10-50,,,Rep B
SF-1558,Karen,Gray,kgray@oakbridgefin.com,(619) 842-3415,,Sales Manager,Manager,Oakbridge Financial,oakbridgefin.com,Financial Services,MN,Lead,Trade Show,2019-10-30,2025-04-10,50M,,,Not interested right now,
SF-1392,Andrew,Robinson,andrew.robinson@greenfieldfarms.com,,(546) 845-6089,CTO,C-Suite,Greenfield Farms,greenfieldfarms.com,Agriculture,MN,Opportunity,Website,2020-05-14,2025-09-05,,,https://linkedin.com/in/andrew-robinson-926,Follow up Q1,Rep A
SF-1423,Nicole,Sanders,nicole.sanders@primecaremed.com,(933) 803-9520,(808) 996-5018,IT Director,Director,Primecare Medical Supply,primecaremed.com,Healthcare,GA,Lead,Outbound,2024-06-02,2024-10-05,,450,https://linkedin.com/in/nicole-sanders-514,,Rep C
SF-1185,Stephanie,Baker,stephanie.baker@ironcladsecurity.com,(319) 334-1284,(276) 826-5991,COO,C-Suite,Ironclad Security Systems,,Energy,,MQL,Cold Call,2019-11-18,2025-03-11,$5M-$10M,,https://linkedin.com/in/stephanie-baker-875,,
SF-1112,Donna,Hughes,donna.hughes@northstardrilling.com,,(632) 213-9564,COO,C-Suite,Northstar Drilling,northstardrilling.com,Energy - Oil & Gas,FL,Lead,Outbound,2020-08-18,2024-02-24,$50M-$100M,,https://linkedin.com/in/donna-hughes-393,Follow up Q1,Rep C
SF-1268,Emma,White,emma.white@trailblazertrans.com,(427) 251-7399,(689) 268-2854,Purchasing Manager,Manager,Trailblazer Transport,trailblazertrans.com,Logistics & Distribution,WI,Opportunity,Inbound,2022-07-31,2025-05-21,N/A,,https://linkedin.com/in/emma-white-441,,Rep D
SF-1404,David,Allen,david.allen@quantumdatasys.com,(597) 583-4415,,Engineer,Individual Contributor,Quantum Data Systems,,Technology,MO,Lead,Outbound,2022-12-08,2025-12-02,$1M-$5M,450,https://linkedin.com/in/david-allen-188,,Rep A
SF-1142,George,Gray,george.gray@riverbendpaper.com,(746) 814-8258,(522) 763-6319,CTO,C-Suite,Riverbend Paper Mill,riverbendpaper.com,Manufacturing,WA,Opportunity,Website,2023-10-30,2023-12-11,,150,https://linkedin.com/in/george-gray-862,,Rep D
SF-1111,Ashley,Ward,ashley.ward@greenfieldfarms.com,,(694) 720-3903,HR Manager,Manager,Greenfield Farms,greenfieldfarms.com,Logistics & Distribution,WI,Customer,Outbound,2023-09-11,2025-09-15,$50M-$100M,,https://linkedin.com/in/ashley-ward-401,,
SF-1210,Kathleen,King,kathleen.king@metrodistribution.com,(818) 885-2706,(648) 668-2817,Maintenance Manager,Manager,Metro Distribution,metrodistribution.com,Logistics & Distribution,FL,Customer,Website,2020-02-22,2025-07-29,,,https://linkedin.com/in/kathleen-king-991,,Rep D
SF-1415,Stephanie,Alvarez,stephanie.alvarez@quantumdatasys.com,,(461) 514-5491,Engineer,Individual Contributor,Quantum Data Systems,quantumdatasys.com,Technology,CO,Customer,Partner,2019-04-10,2025-12-03,$50M-$100M,50-200,,Left voicemail,Rep A
SF-1352,Maria,Gomez,maria.gomez@ironcladsecurity.com,(998) 943-5413,,President,C-Suite,Ironclad Security Systems,ironcladsecurity.com,Security Services,NV,Lead,Website,2023-07-14,2024-02-26,1000000,200-500,https://linkedin.com/in/maria-gomez-885,,Rep C
SF-1622,Thomas,Mitchell,thomas.mitchell@corepointeng.com,(917) 752-2793,(953) 207-5956,Plant Manager,Manager,Corepoint Engineering,corepointeng.com,Engineering,MO,Opportunity,Partner,2019-06-19,2019-08-14,5000000,500-1000,https://linkedin.com/in/thomas-mitchell-340,Looking for CRM cleanup,Rep C
SF-1655,Edward,Williams,edward@apexindustrial.com,(897) 204-2111,(423) 533-1884,Founder,Owner/Founder,Apex Industrial Services,apexindustrial.com,Construction,OH,SQL,Partner,2021-12-22,2021-12-30,$100M+,25,,Sent proposal 11/2024,Rep D
SF-1168,Linda,King,lindaking@gmail.com,(172) 685-5105,(627) 824-9039,COO,C-Suite,Corepoint Engineering,corepointeng.com,Construction,NV,Lead,Outbound,2024-05-28,2024-05-04,1000000,1000+,,Decision maker,Rep C
SF-1147,Raymond,Roberts,raymond.roberts@bluelineelectrical.com,(390) 403-9202,(774) 929-1352,IT Director,Director,Blueline Electrical,bluelineelectrical.com,Electrical,TX,MQL,Event,2022-06-02,2024-12-07,N/A,,,,
SF-1639,Daniel,Evans,daniel.evans@brightpathedu.com,(617) 381-4098,(586) 824-3528,Sales Manager,Manager,Brightpath Education,brightpathedu.com,Education,WI,Evangelist,Website,2025-02-23,2024-09-10,,N/A,,Needs predictive maintenance solution,Rep D
SF-1188,Nancy,Rodriguez,nancy.rodriguez@oakbridgefin.com,(892) 287-2953,(225) 338-7958,Marketing Manager,Manager,Oakbridge Financial,oakbridgefin.com,Financial Services,NC,Evangelist,Website,2022-01-23,2022-04-16,1000000,,https://linkedin.com/in/nancy-rodriguez-596,,Rep A
SF-1406,Tyler,Myers,tyler.myers@novatechsolutions.com,(555) 927-2902,(910) 577-9904,IT Director,Director,Novatech Solutions,novatechsolutions.com,Technology,FL,Opportunity,Partner,2019-05-18,2024-10-12,N/A,50-200,,Decision maker,Rep B
SF-1675,Brian,Rivera,brian.rivera@quantumdatasys.com,(423) 302-6290,,CEO,C-Suite,Quantum Data Systems,quantumdatasys.com,Automotive,TX,Lead,Referral,2022-06-29,2024-03-06,,10-50,https://linkedin.com/in/brian-rivera-818,,Rep C
SF-1653,Brenda,Reyes,breyes@evergreenrecycling.com,(640) 244-3179,(674) 557-9077,CTO,C-Suite,Evergreen Recycling,evergreenrecycling.com,Technology,,Customer,Cold Call,2019-06-29,2024-11-22,,,,,Rep A
SF-1292,Dennis,Anderson,dennis.anderson@westsideautoparts.com,(541) 317-3467,(491) 849-7923,Director of Marketing,Director,Westside Auto Parts,westsideautoparts.com,Manufacturing,,Customer,LinkedIn,2021-09-04,2024-03-08,$100M+,,https://linkedin.com/in/dennis-anderson-833,,Rep C
SF-1125,Jessica,Gutierrez,jessicagutierrez@gmail.com,(459) 467-9783,,Senior Accountant,Individual Contributor,Acme Manufacturing,acmemanufacturing.com,Energy,IL,Evangelist,Cold Call,2020-02-15,2024-08-07,1000000,,https://linkedin.com/in/jessica-gutierrez-823,,Rep A
SF-1134,Daniel,Gomez,daniel.gomez@proflowsupply.com,(285) 306-5300,(286) 870-7387,Director of Operations,Director,Proflow Plumbing Supply,proflowsupply.com,Technology,MI,MQL,Cold Call,2024-11-27,2024-06-23,,25,https://linkedin.com/in/daniel-gomez-578,Needs predictive maintenance solution,Rep B
SF-1120,Carol,Ward,carol@redrockmining.com,(556) 467-6004,(379) 861-2343,IT Director,Director,Redrock Mining,,Mining,NC,MQL,Event,2021-03-15,2024-09-26,Unknown,,,,
SF-1281,Barbara,Wilson,barbara.wilson@vanguardconstruction.com,(233) 883-5749,(416) 428-8448,Marketing Manager,Manager,Vanguard Construction,vanguardconstruction.com,Construction,MO,Opportunity,Referral,2021-03-12,2025-04-25,1000000,450,,Gatekeeper - need to get to director,Rep C
SF-1143,James,Castillo,james.castillo@precisionmetals.com,,(194) 684-7550,Purchasing Manager,Manager,Precision Metals,precisionmetals.com,Manufacturing,IN,Evangelist,Cold Call,2020-01-26,2025-09-01,$1M-$5M,,,,Rep D
SF-1569,Amanda,James,amanda.james@peakviewanalytics.com,(608) 746-7299,(826) 562-2543,CFO,C-Suite,Peakview Analytics,peakviewanalytics.com,Energy,IL,Customer,Website,2020-10-27,2024-12-17,,Unknown,,,Rep B
SF-1019,Susan,Hughes,susan.hughes@redrockmining.com,(270) 718-6590,,Director of Operations,Director,Redrock Mining,redrockmining.com,Mining,MN,Customer,Website,2024-06-03,2024-08-02,N/A,25,https://linkedin.com/in/susan-hughes-950,Budget approved for Q2,Rep D
SF-1567,Betty,Ramirez,betty.ramirez@oakbridgefin.com,(968) 986-7594,(176) 294-3540,CEO / Founder,C-Suite,Oakbridge Financial,oakbridgefin.com,Financial Services,GA,Evangelist,Website,2020-09-16,2024-04-11,$10M,500-1000,,,Rep A
SF-1493,Mark,Reyes,,(876) 881-1449,(876) 842-5251,CTO,C-Suite,Atlas Logistics Group,atlaslogistics.com,Logistics & Distribution,FL,Customer,Website,2019-12-09,2024-08-28,N/A,,https://linkedin.com/in/mark-reyes-616,,Rep A
SF-1549,Kenneth,Cooper,kenneth.cooper@trailblazertrans.com,(133) 123-7663,(731) 290-8608,HR Manager,Manager,Trailblazer Transport,,Transportation,WI,Evangelist,Outbound,2021-07-01,2024-11-24,,,,,
SF-1280,Mark,Hall,mark.hall@titanconcrete.com,(816) 611-8471,(669) 638-7113,VP of Sales,VP,Titan Concrete Supply,titanconcrete.com,Construction,OH,Customer,Website,2020-10-28,2025-07-09,$100M+,N/A,https://linkedin.com/in/mark-hall-749,,Rep A
SF-1097,Cynthia,Jones,cynthia.jones@novatechsolutions.com,(907) 443-1807,(475) 581-1331,Engineer,Individual Contributor,Novatech Solutions,novatechsolutions.com,Technology,AZ,Evangelist,Trade Show,2020-02-07,2024-08-21,,450,https://linkedin.com/in/cynthia-jones-428,,Rep B
SF-1170,,Harris,john.harris@cryobuild.com,(660) 216-1606,(515) 221-4468,Sales Manager,Manager,Cryobuild Systems,cryobuild.com,Industrial Equipment,TX,Evangelist,Cold Call,2024-06-25,2025-10-31,,,,Follow up Q1,Rep C
SF-1060,Carolyn,Williams,carolyn.williams@powergridutil.com,(754) 261-2130,(683) 232-5703,Sales Manager,Manager,Powergrid Utilities,,Logistics & Distribution,NV,Evangelist,Trade Show,2023-09-18,2025-01-18,5000000,150,,Decision maker,Rep C
SF-1388,Eric,Anderson,eric.anderson@cryobuild.com,,(308) 827-2998,Sales Manager,Manager,Cryobuild Systems,cryobuild.com,Industrial Equipment,TX,Evangelist,Cold Call,2021-03-28,2021-04-08,,50-200,,Not interested right now,Rep D
SF-1133,Samuel,Baker,,(868) 498-5382,(604) 477-8289,Sales Manager,Manager,Harborview Properties,harborviewprop.com,Real Estate,WA,Evangelist,Website,2024-11-03,2025-04-06,$10M-$50M,200-500,https://linkedin.com/in/samuel-baker-777,,Rep B
SF-1485,Richard,Lopez,richard.lopez@falconaerospace.com,(790) 880-6351,(353) 810-5697,Owner,Owner/Founder,Falcon Aerospace,falconaerospace.com,,CO,Evangelist,Outbound,2019-09-28,2026-01-29,$1M-$5M,500-1000,https://linkedin.com/in/richard-lopez-682,,Rep D
SF-1668,Catherine,Ruiz,catherine.ruiz@peakviewanalytics.com,(786) 457-1308,(798) 843-9986,IT Director,Director,Peakview Analytics,peakviewanalytics.com,Financial Services,TX,SQL,Cold Call,2019-07-01,2024-08-26,1000000,,https://linkedin.com/in/catherine-ruiz-243,,Rep A
SF-1023,James,Evans,james.evans@quantumdatasys.com,(903) 439-5334,(840) 803-4241,Purchasing Manager,Manager,Quantum Data Systems,quantumdatasys.com,Technology,NV,Lead,Event,2021-07-09,2021-09-30,,,,,
SF-1250,Jack,Torres,jtorres@falconaerospace.com,(255) 926-5981,,Engineer,Individual Contributor,Falcon Aerospace,falconaerospace.com,Aerospace & Defense,WI,Lead,Trade Show,2020-08-27,2025-01-20,5000000,200-500,https://linkedin.com/in/jack-torres-198,,Rep A
SF-1029,Kevin,Davis,,(591) 834-4945,(572) 753-5161,Accountant,Individual Contributor,Falcon Aerospace,falconaerospace.com,Technology,OR,Opportunity,Cold Call,2021-10-21,2025-04-12,$50M-$100M,450,,,Rep C
SF-1472,Christine,Thomas,christine.thomas@ironcladsecurity.com,,(427) 399-9948,IT Director,Director,Ironclad Security Systems,ironcladsecurity.com,Logistics & Distribution,WI,Customer,Website,2022-10-15,2026-01-09,50M,,https://linkedin.com/in/christine-thomas-498,,
SF-1643,Karen,Long,karen.long@falconaerospace.com,(525) 430-2188,(693) 876-6173,Purchasing Manager,Manager,Falcon Aerospace,,Aerospace & Defense,CO,Lead,Website,2019-08-01,2025-05-23,$50M-$100M,50-200,,Met at trade show 2024,
SF-1673,Robert,Mendoza,robert.mendoza@oakbridgefin.com,(817) 228-6467,(760) 759-2634,CEO,C-Suite,Oakbridge Financial,oakbridgefin.com,,IL,Opportunity,,2020-02-07,2025-06-07,$1M-$5M,450,,,
SF-1626,Andrew,Phillips,andrew.phillips@pacificsteelworks.com,(600) 488-4578,(930) 562-1169,Director of Operations,Director,Pacific Steel Works,pacificsteelworks.com,Manufacturing,CA,Customer,Inbound,2021-07-23,2025-04-19,,,,Decision maker,Rep A
SF-1085,Maria,Jimenez,maria.jimenez@greenfieldfarms.com,(654) 454-1157,(345) 928-5584,CFO,C-Suite,Greenfield Farms,greenfieldfarms.com,Agriculture,NY,Lead,Trade Show,2024-10-29,2025-02-26,1000000,N/A,,,Rep A
SF-1632,Samantha,Cook,samantha.cook@trailblazertrans.com,,(886) 852-5959,Director of Operations,Director,Trailblazer Transport,,Construction,WI,Lead,LinkedIn,2023-09-27,2026-02-22,$5M-$10M,150,https://linkedin.com/in/samantha-cook-553,,Rep A
SF-1642,Brenda,Morales,bmorales@trailblazertrans.com,(995) 758-1556,(578) 611-9748,Maintenance Manager,Manager,Trailblazer Transport,trailblazertrans.com,Transportation,IL,Lead,Referral,2024-04-24,2024-07-18,Unknown,450,https://linkedin.com/in/brenda-morales-518,,Rep D
SF-1362,Ashley,White,ashley.white@redrockmining.com,(978) 334-6373,(747) 149-4242,Owner,Owner/Founder,Redrock Mining,redrockmining.com,,CO,SQL,Trade Show,2023-07-20,2025-04-07,50M,1200,,Decision maker,Rep C
SF-1098,Sharon,Ramirez,sharon.ramirez@harborviewprop.com,(826) 618-7609,(617) 506-3029,Director of Operations,Director,Harborview Properties,,Real Estate,IN,Customer,Event,2022-12-03,2024-12-18,,N/A,https://linkedin.com/in/sharon-ramirez-192,,
SF-1425,Steven,Ward,steven.ward@ironcladsecurity.com,,(289) 241-3706,Sales Manager,Manager,Ironclad Security Systems,ironcladsecurity.com,Manufacturing,MI,Lead,Website,2019-01-01,2024-07-15,5000000,450,,,
SF-1079,Alexander,Baker,alexander.baker@pacificsteelworks.com,(304) 305-6133,(724) 765-3688,Sales Manager,Manager,Pacific Steel Works,pacificsteelworks.com,Manufacturing,WA,Evangelist,Trade Show,2020-09-12,2020-11-04,50M,50-200,https://linkedin.com/in/alexander-baker-243,Looking for CRM cleanup,Rep D
SF-1559,Benjamin,Richardson,,,(857) 853-1024,CEO,C-Suite,Corepoint Engineering,,Engineering,MI,SQL,LinkedIn,2023-12-19,2024-01-19,,450,https://linkedin.com/in/benjamin-richardson-694,Met at trade show 2024,Rep B
SF-1242,Rebecca,Patel,rebecca.patel@westsideautoparts.com,(759) 828-7297,(369) 637-5143,VP of Sales,VP,Westside Auto Parts,westsideautoparts.com,Healthcare,MI,Evangelist,Outbound,2019-12-31,2024-04-21,1000000,1000+,https://linkedin.com/in/rebecca-patel-866,,Rep D
SF-1604,Richard,Bennett,richard.bennett@swiftcargofreight.com,,(629) 749-1380,Owner,Owner/Founder,Swiftcargo Freight,swiftcargofreight.com,Logistics & Distribution,CO,Opportunity,LinkedIn,2019-03-16,2024-12-21,$5M-$10M,200-500,,Sent proposal 11/2024,Rep C
SF-1481,Jerry,Ortiz,jerry.ortiz@peakviewanalytics.com,(731) 448-3140,(138) 145-5346,IT Director,Director,Peakview Analytics,peakviewanalytics.com,Technology,MN,Evangelist,Partner,2024-10-25,2025-05-30,,Unknown,,Gatekeeper - need to get to director,Rep C
SF-1579,Barbara,Patel,barbara.patel@oakbridgefin.com,(429) 414-7488,(719) 689-5209,Engineer,Individual Contributor,Oakbridge Financial,,Financial Services,MO,Customer,Event,2022-10-25,2025-05-06,,,https://linkedin.com/in/barbara-patel-952,Gatekeeper - need to get to director,Rep A
SF-1303,Barbara,Howard,barbara.howard@cryobuild.com,(759) 273-6582,(608) 294-4399,CFO,C-Suite,Cryobuild Systems,cryobuild.com,Industrial Equipment,OR,Opportunity,Trade Show,2023-03-21,2024-03-13,$10M-$50M,1000+,,,Rep A
SF-1150,Rebecca,Phillips,rebecca.phillips@precisionmetals.com,(749) 737-1630,(671) 496-9456,Engineer,Individual Contributor,Precision Metals,precisionmetals.com,Manufacturing,MI,Opportunity,Outbound,2022-06-01,2024-10-19,5000000,,https://linkedin.com/in/rebecca-phillips-806,,Rep D
SF-1551,Jessica,Gomez,jessica.gomez@brightpathedu.com,(431) 788-5417,(470) 217-9615,Plant Manager,Manager,Brightpath Education,brightpathedu.com,Education,MO,MQL,Cold Call,2021-07-08,2024-02-18,$10M,,https://linkedin.com/in/jessica-gomez-840,Looking for CRM cleanup,
SF-1402,Ashley,Moore,ashley.moore@metrodistribution.com,(840) 348-6597,(971) 917-3285,CTO,C-Suite,Metro Distribution,metrodistribution.com,Logistics & Distribution,TN,Customer,Website,2024-10-29,2024-04-16,$100M+,Unknown,https://linkedin.com/in/ashley-moore-857,,Rep A
SF-1422,Jerry,Rogers,jerry.rogers@precisionmetals.com,,(527) 918-3484,Owner,Owner/Founder,Precision Metals,precisionmetals.com,Manufacturing,CA,Lead,Cold Call,2019-06-03,2024-09-28,$5M-$10M,,https://linkedin.com/in/jerry-rogers-269,Referred by existing customer,Rep C
SF-1026,Sandra,Price,sandra.price@ironcladsecurity.com,,,Plant Manager,Manager,Ironclad Security Systems,ironcladsecurity.com,Automotive,MI,Opportunity,Event,2024-06-06,2024-12-19,,150,,,
SF-1591,Michael,Jones,,(132) 708-6492,(130) 161-2569,Project Engineer,Individual Contributor,Greenfield Farms,,,GA,Lead,Website,2024-03-04,2024-04-01,$5M-$10M,,https://linkedin.com/in/michael-jones-770,,
SF-1252,Robert,Ramos,robertramos@gmail.com,(919) 644-5888,(301) 533-2040,Chief Exec Officer,Unknown,Brightpath Education,brightpathedu.com,Education,MO,MQL,Outbound,2019-03-22,2025-02-07,$10M,1200,,,Rep A
SF-1439,Stephanie,Wilson,stephanie.wilson@metrodistribution.com,(875) 731-5506,(306) 978-3390,CEO,C-Suite,Metro Distribution,metrodistribution.com,Manufacturing,,Customer,LinkedIn,2021-04-14,2025-02-27,,,,,
SF-1512,Jerry,Harris,jerry.harris@trailblazertrans.com,(614) 363-7363,(215) 740-4835,Engineer,Individual Contributor,Trailblazer Transport,trailblazertrans.com,Transportation,MO,Opportunity,Event,2024-10-31,2025-10-12,50M,Unknown,https://linkedin.com/in/jerry-harris-596,Interested in automation,
SF-1336,Emma,Gomez,emma.gomez@goldstarpackaging.com,(340) 477-6935,(535) 254-5668,VP of Sales,VP,Goldstar Packaging,goldstarpackaging.com,Automotive,OH,Opportunity,Website,2019-12-05,2024-12-20,$5M-$10M,150,https://linkedin.com/in/emma-gomez-112,,Rep D
SF-1561,Justin,Castillo,jcastillo@ironcladsecurity.com,(975) 880-7590,(761) 518-3823,Accountant,Individual Contributor,Ironclad Security Systems,ironcladsecurity.com,Manufacturing,AZ,Customer,Inbound,2020-02-02,2020-02-27,,,https://linkedin.com/in/justin-castillo-878,Met at trade show 2024,Rep B
SF-1420,Raymond,Hill,raymond.hill@powergridutil.com,(676) 580-4353,(249) 755-2659,HR Manager,Manager,Powergrid Utilities,powergridutil.com,Automotive,MN,Lead,,2024-05-17,2024-03-10,$50M-$100M,1200,,Follow up Q1,Rep A
SF-1293,Nicholas,Clark,nclark@ironcladsecurity.com,(837) 688-6002,(904) 444-3789,Purchasing Manager,Manager,Ironclad Security Systems,ironcladsecurity.com,Security Services,AZ,Evangelist,Referral,2020-11-13,2024-07-10,,10-50,https://linkedin.com/in/nicholas-clark-538,,Rep A
SF-1217,Jason,Miller,jason@redrockmining.com,(880) 241-9270,(883) 659-3440,Marketing Manager,Manager,Redrock Mining,redrockmining.com,Mining,AZ,Lead,Website,2023-08-05,2025-01-31,,1200,,Referred by existing customer,Rep B
SF-1674,John,Thomas,john.thomas@atlaslogistics.com,(436) 429-5503,(723) 878-8154,CFO,C-Suite,Atlas Logistics Group,atlaslogistics.com,Logistics & Distribution,MI,Customer,Partner,2019-07-09,2024-09-05,$1M-$5M,25,,Needs predictive maintenance solution,Rep B
SF-1331,Dennis,Smith,dennis.smith@redrockmining.com,,(857) 395-3174,Sales Manager,Manager,Redrock Mining,redrockmining.com,Technology,MI,Opportunity,Trade Show,2021-02-10,2024-10-06,$10M-$50M,1000+,https://linkedin.com/in/dennis-smith-370,,
SF-1229,Emma,Diaz,emma.diaz@westsideautoparts.com,,(585) 374-7569,Purchasing Manager,Manager,Westside Auto Parts,,Automotive,GA,MQL,Partner,2021-08-18,2025-02-09,,150,https://linkedin.com/in/emma-diaz-962,,Rep A
SF-1560,Mary,Mitchell,mary.mitchell@swiftcargofreight.com,(898) 658-9140,(289) 563-9159,Sales Manager,Manager,Swiftcargo Freight,,Logistics & Distribution,AZ,MQL,Cold Call,2023-01-09,2025-08-03,,150,,,Rep C
SF-1201,Cynthia,King,cynthia.king@ironcladsecurity.com,(774) 696-8499,(284) 954-3757,Marketing Manager,Manager,Ironclad Security Systems,ironcladsecurity.com,Security Services,WI,Lead,Event,2021-01-09,2025-03-02,$50M-$100M,Unknown,,,Rep A
SF-1428,,Price,heather.price@safeguardenv.com,(916) 388-1121,(368) 456-7812,Senior Accountant,Individual Contributor,Safeguard Environmental,,Environmental Services,NY,Opportunity,Inbound,2020-08-29,2024-02-13,$50M-$100M,450,https://linkedin.com/in/heather-price-307,Left voicemail,Rep C
SF-1160,Gary,Reyes,gary.reyes@ironcladsecurity.com,(309) 533-2162,(745) 672-7566,Owner,Owner/Founder,Ironclad Security Systems,ironcladsecurity.com,,WI,Lead,Inbound,2021-05-02,2025-12-11,5000000,25,https://linkedin.com/in/gary-reyes-341,,
SF-1486,Robert,Jimenez,robert.jimenez@proflowsupply.com,(752) 575-7346,(470) 728-3653,COO,C-Suite,Proflow Plumbing Supply,proflowsupply.com,Logistics & Distribution,,Lead,Partner,2019-12-16,2020-02-10,,,,,Rep A
SF-1669,Jacob,Harris,jacob.harris@redrockmining.com,(671) 571-6985,(316) 872-6058,HR Manager,Manager,Redrock Mining,redrockmining.com,Technology,NY,Evangelist,Event,2020-10-13,2024-07-25,,N/A,,,
SF-1105,Joseph,Turner,joseph.turner@quantumdatasys.com,(508) 630-2654,(476) 837-3247,CFO,C-Suite,Quantum Data Systems,quantumdatasys.com,Construction,,MQL,Website,2021-03-29,2024-09-26,$50M-$100M,150,,,Rep D
SF-1304,Margaret,Nguyen,mnguyen@corepointeng.com,,(305) 442-1973,CTO,C-Suite,Corepoint Engineering,corepointeng.com,,WA,Lead,Event,2024-05-15,2024-05-12,,,,,Rep C
SF-1154,Jack,Watson,,(320) 955-4396,(624) 623-1745,Purchasing Manager,Manager,Peakview Analytics,peakviewanalytics.com,Technology,AZ,SQL,Event,2021-05-19,2024-01-12,N/A,,https://linkedin.com/in/jack-watson-415,,Rep A
SF-1505,Maria,Morgan,maria.morgan@swiftcargofreight.com,(982) 411-4979,(860) 856-3725,Sales Manager,Manager,Swiftcargo Freight,swiftcargofreight.com,Logistics & Distribution,IN,MQL,Website,2021-02-23,2025-07-22,Unknown,,,,Rep A
SF-1397,,Ortiz,linda.ortiz@harborviewprop.com,(153) 758-4694,(340) 712-6234,Sales Manager,Manager,Harborview Properties,harborviewprop.com,Real Estate,AZ,Opportunity,Website,2023-06-10,2024-01-20,$100M+,Unknown,https://linkedin.com/in/linda-ortiz-524,,Rep B
SF-1207,Jeff,Watson,,(956) 919-8295,(682) 220-8364,Director of Marketing,Director,Goldstar Packaging,goldstarpackaging.com,Technology,WI,Opportunity,Website,2022-09-29,2024-01-09,,150,https://linkedin.com/in/jeff-watson-968,,Rep C
SF-1296,Angela,Nguyen,,,(714) 881-3540,Sales Manager,Manager,Swiftcargo Freight,swiftcargofreight.com,Logistics & Distribution,NY,Evangelist,LinkedIn,2020-08-07,2026-01-20,,50-200,,,Rep D
SF-1681,Stephanie,Parker,,(140) 174-4420,(699) 566-1264,Plant Manager,Manager,Summit Energy Solutions,,Construction,FL,Evangelist,LinkedIn,2022-02-04,2025-02-17,,,https://linkedin.com/in/stephanie-parker-316,,Rep C
SF-1347,Paul,Campbell,paul.campbell@clearwatertreat.com,(713) 521-9574,(114) 784-2060,CTO,C-Suite,Clearwater Treatment,clearwatertreat.com,Water Treatment,GA,MQL,LinkedIn,2020-05-04,2025-10-27,,,https://linkedin.com/in/paul-campbell-112,,Rep B
SF-1564,Edward,Torres,edward.torres@powergridutil.com,,,Accountant,Individual Contributor,Powergrid Utilities,powergridutil.com,Utilities,WI,Evangelist,Event,2020-01-31,2020-04-24,,50-200,https://linkedin.com/in/edward-torres-120,,Rep A
SF-1590,Kenneth,Gonzalez,kenneth.gonzalez@deltafab.com,(354) 962-7386,(788) 616-4353,VP of Sales,VP,Delta Fabrication,,Construction,OH,SQL,Website,2020-08-13,2024-07-08,,,https://linkedin.com/in/kenneth-gonzalez-761,Follow up Q1,
SF-1649,Margaret,Hernandez,margaret@vanguardconstruction.com,(766) 546-1770,(214) 708-7607,Staff Engineer,Individual Contributor,Vanguard Construction,vanguardconstruction.com,,CA,Evangelist,Website,2024-05-03,2024-07-04,1000000,1000+,,,Rep B
SF-1130,Christine,James,christine.james@peakviewanalytics.com,(788) 481-9041,(155) 638-7933,Director of Operations,Director,Peakview Analytics,peakviewanalytics.com,Technology,OR,Lead,Cold Call,2024-10-23,2025-04-16,,,https://linkedin.com/in/christine-james-488,,Rep C
SF-1574,Jeff,Edwards,jeffedwards@gmail.com,(537) 481-3013,(244) 602-8929,VP of Sales,VP,Brightpath Education,brightpathedu.com,,NC,Opportunity,,2023-03-13,2024-06-17,,,,Interested in automation,
SF-1238,Patrick,Morgan,patrick.morgan@brightpathedu.com,(904) 525-8899,(338) 121-3032,Project Engineer,Individual Contributor,Brightpath Education,brightpathedu.com,Logistics & Distribution,MN,SQL,Trade Show,2020-09-13,2025-01-19,,,https://linkedin.com/in/patrick-morgan-712,Referred by existing customer,Rep C
SF-1325,Angela,Cox,angela.cox@corepointeng.com,(210) 525-7820,(304) 810-2537,CFO,C-Suite,Corepoint Engineering,corepointeng.com,Engineering,NY,SQL,Trade Show,2021-07-14,2024-12-19,$50M-$100M,,https://linkedin.com/in/angela-cox-988,,Rep D
SF-1444,Dorothy,Watson,dorothy.watson@redrockmining.com,(316) 174-3518,(370) 472-9523,CTO,C-Suite,Redrock Mining,redrockmining.com,Mining,MO,Evangelist,Event,2022-09-13,2025-04-08,,1200,https://linkedin.com/in/dorothy-watson-320,Left voicemail,Rep D
SF-1403,Kevin,Sanders,kevin.sanders@primecaremed.com,(904) 969-2743,(919) 210-9113,Project Engineer,Individual Contributor,Primecare Medical Supply,primecaremed.com,Healthcare,CO,SQL,,2021-05-07,2025-07-08,$50M-$100M,,,,Rep A
SF-1452,Jack,Wilson,jack.wilson@primecaremed.com,,(196) 828-8450,Maintenance Manager,Manager,Primecare Medical Supply,,Energy,FL,Opportunity,Trade Show,2020-07-05,2025-02-18,$50M-$100M,,,,
SF-1295,Dorothy,Clark,dorothy.clark@vanguardconstruction.com,(379) 471-6715,(600) 803-7836,Maintenance Manager,Manager,Vanguard Construction,,Manufacturing,NC,Evangelist,Inbound,2020-05-18,2025-03-19,,25,,Referred by existing customer,Rep B
SF-1163,Katherine,Parker,katherine.parker@apexindustrial.com,(665) 721-7948,(660) 593-6821,HR Manager,Manager,Apex Industrial Services,apexindustrial.com,,GA,Evangelist,Event,2022-01-07,2025-02-24,,10-50,https://linkedin.com/in/katherine-parker-821,,Rep A
SF-1379,Rebecca,Mendoza,rebecca.mendoza@brightpathedu.com,(623) 586-5556,(394) 997-8998,Maintenance Manager,Manager,Brightpath Education,brightpathedu.com,Education,NC,Customer,Website,2023-06-08,2024-02-12,50M,,https://linkedin.com/in/rebecca-mendoza-172,Interested in automation,Rep A
SF-1595,Mary,Cook,mary.cook@mountaintoptelecom.com,(290) 778-2794,(702) 498-3140,Plant Manager,Manager,Mountaintop Telecom,mountaintoptelecom.com,Healthcare,,Evangelist,Website,2024-12-07,2025-01-02,N/A,500-1000,https://linkedin.com/in/mary-cook-335,,Rep D
SF-1414,Rebecca,Clark,rebecca.clark@precisionmetals.com,,(928) 597-3040,IT Director,Director,Precision Metals,,Manufacturing,OH,MQL,LinkedIn,2020-03-15,2020-03-16,,,https://linkedin.com/in/rebecca-clark-969,,Rep A
SF-1255,Helen,Sanders,helen.sanders@sunpeaksolar.com,(819) 367-7876,(523) 644-7208,Sales Representative,Individual Contributor,Sunpeak Solar,sunpeaksolar.com,Energy,CA,Customer,Trade Show,2019-11-14,2024-10-03,,,https://linkedin.com/in/helen-sanders-167,,Rep C
SF-1224,Jeff,Evans,jeff.evans@sunpeaksolar.com,(559) 423-1084,(401) 368-6394,Owner,Owner/Founder,Sunpeak Solar,sunpeaksolar.com,Construction,MI,Customer,Website,2022-10-01,2024-09-13,,25,https://linkedin.com/in/jeff-evans-941,,
SF-1484,Joseph,Carter,joseph@powergridutil.com,(741) 978-8170,(402) 837-4507,Director of Operations,Director,Powergrid Utilities,powergridutil.com,Energy,TX,SQL,Trade Show,2025-01-05,2025-01-07,50M,Unknown,https://linkedin.com/in/joseph-carter-895,,Rep B
SF-1272,Rebecca,Mendoza,rebecca.mendoza@riverbendpaper.com,(360) 478-2506,(936) 809-8674,Founder,Owner/Founder,Riverbend Paper Mill,riverbendpaper.com,Manufacturing,AZ,Evangelist,Trade Show,2023-07-18,2025-01-24,,Unknown,,,Rep C
SF-1307,Janet,Rivera,janet.rivera@bluelineelectrical.com,(386) 180-4335,(666) 315-3011,Purchasing Manager,Manager,Blueline Electrical,bluelineelectrical.com,Electrical,NC,SQL,Website,2023-04-23,2024-11-03,$5M-$10M,,https://linkedin.com/in/janet-rivera-493,,Rep A
SF-1426,Emily,Moore,emily.moore@summitenergy.com,,(440) 516-6351,Owner,Owner/Founder,Summit Energy Solutions,,Energy,PA,MQL,Partner,2020-09-01,2025-12-21,,,https://linkedin.com/in/emily-moore-220,,Rep A
