record_id,first_name,last_name,email,phone,direct_dial,job_title,company,domain,industry,state,lifecycle_stage,lead_source,created_date,last_activity_date,annual_revenue,employees,linkedin_url,notes,owner
SF-1297,Rebecca,Phillips,rebecca.phillips@proflowsupply.com,(792) 342-4268,+14084122402,cto,ProFlow Plumbing Supply,,Wholesale,IL,Customer,Partner,2022-07-07,2025-05-30,N/A,25,,,
SF-1671,Brenda,Flores,brendaflores@gmail.com,(425) 869-8762,+1 (423) 943-5468,Staff Accountant,HarborView Properties,harborviewprop.com,Real Estate,TX,Evangelist,Event,2022-02-23,2022-04-24,,1000+,,Left voicemail,
SF-1182,,Ramos,sramos@evergreenrecycling.com,(290) 206-7708,(479) 624-3865,Founder,EverGreen Recycling Corp,evergreenrecycling.com,Logistics,MO,Customer,Partner,2019-06-22,2024-11-05,$100M+,N/A,,,Rep D
SF-1136,Melissa,Lewis,melissa.lewis@corepointeng.com,(475) 622-4080,(386) 339-5744,Maint Manager,CorePoint Engineering,corepointeng.com,Technology,FL,Opportunity,Trade Show,2022-08-06,2024-01-20,,10-50,,,Rep A
SF-1447,Tyler,Bennett,N/A,(300) 649-9831,(258) 845-1423,CTO,CryoBuild Systems,cryobuild.com,Industrial Equipment,IL,SQL,Inbound,2023-04-02,2023-06-28,,Unknown,,,Rep B
SF-1048,Rachel,Edwards,,(930) 655-2438,(527) 883-6692,Mktg Manager,Titan Concrete Supply,titanconcrete.com,Construction,NY,Customer,Event,2022-04-04,2024-11-03,N/A,N/A,https://linkedin.com/in/rachel-edwards-912,,Rep B
SF-1211,Jerry,Cook,N/A,(625) 987-1107,(187) 372 7101,Director of IT,PeakView Analytics,peakviewanalytics.com,Technology,TN,Opportunity,website,2021-07-23,2024-05-21,5000000,450,https://linkedin.com/in/jerry-cook-628,Sent proposal 11/2024,Rep A
SF-1175,Jacob,Scott,jacob.scott@acmemanufacturing.com,(805) 352-1083,+18518879261,Information Technology Director,Acme Manufacturing,,Manufacturing,MO,Lead,cold call,2023-07-24,2024-08-11,,,https://linkedin.com/in/jacob-scott-192,,Rep D
SF-1506,David,Cox,david.cox@sterlingchemical.com,(435) 532-9934,+1 (627) 170-7493,COO,Sterling Chemical Co,sterlingchemical.com,Chemical,IN,Customer,LinkedIn,2024-10-07,2024-03-09,1000000,1000+,,Sent proposal 11/2024,
SF-1393,,Edwards,robert.edwards@primecaremed.com,(687) 487-6582,(539) 915-4184,Facility Manager,PrimeCare Medical Supply,primecaremed.com,Healthcare,IL,SQL,website,2021-07-26,2025-12-26,$50M-$100M,500-1000,,,Rep A
SF-1478,Anthony,Cox,anthony.cox@deltafab.com,000-000-0000,+1 (675) 742-5352,Sales Manager,Delta Fabrication Co,deltafab.com,Manufacturing,IL,Opportunity,Cold Call,2019-05-14,2024-11-29,,,https://linkedin.com/in/anthony-cox-975,Referred by existing customer,Rep B
SF-1108,Thomas,Hughes,thomashughes@gmail.com,(826) 229-3140,,Dir Marketing,Atlas Logistics Group,atlaslogistics.com,Logistics,TN,Customer,cold call,2020-01-26,2020-03-22,$50M-$100M,Unknown,https://linkedin.com/in/thomas-hughes-494,,
SF-1602,Christine,Taylor,christine.taylor@riverbendpaper.com,(596) 559-7556,(333) 482-2254,V.P. Sales,RiverBend Paper Mill,,Manufacturing,MN,Opportunity,Outbound,2025-02-13,2025-03-28,$100M+,1000+,,Decision maker,Rep B
SF-1354,Larry,Lopez,larry.lopez@quantumdatasys.com,428.579.4730,(920) 465-5183,Maint Manager,Quantum Data Systems,quantumdatasys.com,General Contracting,,Opportunity,Outbound,2024-06-15,2024-02-19,$1M-$5M,1200,,,Rep C
SF-1396,Laura,Scott,laura.scott@greenfieldfarms.com,(951) 837 7144,(679) 874 1645,C.F.O.,Greenfield Farms LLC,greenfieldfarms.com,Agriculture,IL,Lead,Event,2020-10-31,2025-12-31,,25,,,
SF-1230,Joshua,Cruz,joshua.cruz@mountaintoptelecom.com,(576) 709-6194,N/A,Information Technology Director,MountainTop Telecom,mountaintoptelecom.com,Construction,Georgia,Customer,Trade Show,2022-09-29,2024-07-20,$100M+,Unknown,https://linkedin.com/in/joshua-cruz-295,Follow up Q1,
SF-1443,Barbara,Cook,barbara.cook@stonewallmasonry.com,(368) 227-2597,(785) 221-5509,Account Executive,stonewall masonry,stonewallmasonry.com,LOGISTICS,Pennsylvania,MQL,,2021-05-06,2021-06-01,,Unknown,,Met at trade show 2024,Rep B
SF-1376,Benjamin,Jones,benjamin.jones@goldstarpackaging.com,+16092973543,+19376024085,Buyer,GoldStar Packaging,goldstarpackaging.com,Packaging,AZ,Customer,webform,2024-12-18,2025-02-23,$10M,1000+,,,Rep D
SF-1658,Anna,Smith,anna.smith@primecaremed.com,(290) 755-5347,+1 (322) 294-3353,plant manager,PrimeCare Medical Supply,primecaremed.com,Healthcare,PA,Evangelist,Cold Call,2021-06-18,2025-08-02,5000000,,,Follow up Q1,Rep D
SF-1529,Nancy,Parker,nancy.parker@ironcladsecurity.com,(327) 734-9009,(902) 574-2547,CTO,Ironclad Security Systems,ironcladsecurity.com,General Contracting,Nevada,MQL,Event,2023-03-02,2024-12-06,$5M-$10M,25,https://linkedin.com/in/nancy-parker-574,Referred by existing customer,Rep D
SF-1355,Shirley,Morales,shirley.morales@falconaerospace.com,(725) 289-8675,(395) 969-2197,sales manager,Falcon Aerospace,falconaerospace.com,Aerospace,NV,SQL,Partner,2024-01-23,2026-01-26,,200-500,https://linkedin.com/in/shirley-morales-447,,Rep D
SF-1264,Emma,Scott,emma.scott@apexindustrial.com,(725) 276-3711,+1 (706) 813-1145,coo,Apex Industrial Services,apexindustrial.com,TECHNOLOGY,TN,SQL,cold call,2022-01-04,2022-03-16,,,https://linkedin.com/in/emma-scott-398,,Rep B
SF-1683,James,Hill,james.hill@oakbridgefin.com,(285) 582-8900,638.629.8644,Account Executive,OakBridge Financial,,Finance,NY,MQL,,2019-02-03,2019-03-13,,500-1000,,Left voicemail,
SF-1114,,Patel,lisa@clearwatertreat.com,602.908.6866,(733) 269-9276,Maintenance Mgr,Clearwater Treatment,clearwatertreat.com,construction,OH,MQL,TRADESHOW,2022-09-21,2024-12-05,$50M-$100M,,https://linkedin.com/in/lisa-patel-674,Decision maker,Rep D
SF-1580,Stephen,Kim,stephen.kim@harborviewprop.com,(995) 729-5874,(886) 829-8500,purchasing manager,HarborView Properties,,Real Estate,WI,SQL,Partner,2020-11-30,2025-07-28,1000000,450,,Sent proposal 11/2024,
SF-1368,Gregory,Brown,gregory.brown@titanconcrete.com,(946) 667-5153,569.815.5311,C.E.O.,Titan Concrete Supply,titanconcrete.com,Construction,MO,Customer,TRADESHOW,2022-08-11,2026-01-28,1000000,200-500,https://linkedin.com/in/gregory-brown-977,,Rep B
SF-1064,Kimberly,Carter,kimberly@evergreenrecycling.com,(215) 416-4113,(320) 964-8846,coo,EverGreen Recycling,evergreenrecycling.com,Waste Management,GA,Evangelist,webform,2021-04-17,2025-02-10,$10M,1000+,,,
SF-1263,Maria,Taylor,maria.taylor@metrodistribution.com,(415) 798-7292,+1 (733) 451-5939,owner,Metro Distribution Inc ,metrodistribution.com,Logistics,,Customer,Inbound,2023-02-08,2025-04-04,$5M-$10M,50-200,,,Rep B
SF-1371,Charles,Johnson,charles.johnson@falconaerospace.com,(396) 622-4048,(794) 609-7342,People Manager,Falcon Aerospace,,oil and gas,NC,SQL,Trade Show,2022-08-04,2025-07-07,N/A,,https://linkedin.com/in/charles-johnson-819,,
SF-1196,Debra,Bennett,N/A,(597) 208-7438,(461) 508-2478,Inside Sales Rep,Westside Auto Parts,westsideautoparts.com,LOGISTICS,Georgia,Evangelist,Inbound,2023-07-23,2024-02-04,,,https://linkedin.com/in/debra-bennett-603,,Rep D
SF-1661,Jack,Jones,jack.jones@oakbridgefin.com,(684) 976-7010,114.962.1655,Marketing Mgr,OakBridge Financial,oakbridgefin.com,Finance,TN,Evangelist,Inbound,2023-07-11,2023-08-14,N/A,,https://linkedin.com/in/jack-jones-373,,Rep A
SF-1017,Margaret,Morales,margaret.morales@bluelineelectrical.com,(837) 746-1441,(806) 777-1444,Project Engineer,BlueLine  Electrical,bluelineelectrical.com,Financial Services,,SQL,Trade Show,2024-02-06,2024-11-30,,1000+,https://linkedin.com/in/margaret-morales-951,,
SF-1367,Susan,Jimenez,susan.jimenez@peakviewanalytics.com,(804) 858-2615,(320) 982-4909,Co-Founder,PeakView Analytics,peakviewanalytics.com,Technology,WA,Customer,TRADESHOW,2023-09-24,2025-02-07,$1M-$5M,450,https://linkedin.com/in/susan-jimenez-687,Met at trade show 2024,Rep D
SF-1474,Sandra,Wright,sandra.wright@precisionmetals.com,+12093213842,(966) 253 2787,"Mgr, Sales",Precision Metals Inc,precisionmetals.com,Auto,Oregon,Lead,cold call,2024-11-15,2025-04-29,,200-500,https://linkedin.com/in/sandra-wright-106,,
SF-1685,Timothy,King,N/A,(642) 543-6490,(219) 891-6348,Dir Operations,NovaTech Solutions,,Technology,IL,MQL,LinkedIn,2020-01-27,2024-04-08,,,,,Rep C
SF-1087,Charles,Lopez,charles.lopez@westsideautoparts.com,923.912.3290,(696) 700 5240,Buyer,Westside Auto Parts,westsideautoparts.com,Automotive,NY,SQL,Referral,2019-06-24,2019-08-23,,150,https://linkedin.com/in/charles-lopez-504,,Rep C
SF-1099,Tyler,Ramirez,tyler.ramirez@bluelineelectrical.com,(898) 209-8767,(862) 377-1138,Accountant,BlueLine Electrical,bluelineelectrical.com,Electrical,GA,SQL,webform,2022-06-05,2025-12-30,Unknown,,https://linkedin.com/in/tyler-ramirez-972,,
SF-1411,Sandra,Reed,sandra.reed@greenfieldfarms.com,294.803.6922,(795) 732-3841,Co-Founder,greenfield farms llc,greenfieldfarms.com,Oil & Gas,FL,Evangelist,website,2024-07-28,2025-01-18,,1000+,https://linkedin.com/in/sandra-reed-570,,Rep C
SF-1445,Andrew,Green,andrew.green@corepointeng.com,(748) 676-2491,(318) 911-3077,VP of Sales,CorePoint Engineering,corepointeng.com,Engineering,TX,MQL,cold call,2024-12-25,2024-04-25,5000000,,https://linkedin.com/in/andrew-green-936,,Rep B
SF-1075,Stephanie,Mendoza,N/A,,+16593237965,sales manager,PeakView Analytics,peakviewanalytics.com,Technology,OR,Lead,website,2021-08-28,2024-08-02,,N/A,https://linkedin.com/in/stephanie-mendoza-538,,Rep B
SF-1581,Janet,Anderson,janet.anderson@stonewallmasonry.com,(846) 275-3255,406.368.6385,hr manager,StoneWall Masonry,,Auto,NV,Customer,Referral,2019-12-06,2024-07-05,Unknown,,https://linkedin.com/in/janet-anderson-449,Needs predictive maintenance solution,Rep B
SF-1334,Alexander,Wilson,alexander_wilson@hightidemarine_com,505.269.8546,000-000-0000,Dir IT,HighTide Marine,hightidemarine.com,Marine,NV,SQL,webform,2023-07-06,2025-08-30,,1000+,https://linkedin.com/in/alexander-wilson-814,Not interested right now,Rep B
SF-1589,David,Wood,david.wood@ironcladsecurity.com,(337) 207-5399,(267) 220-1927,director operations,Ironclad Security Systems,ironcladsecurity.com,Security,IN,Evangelist,webform,2022-01-19,2022-02-01,$10M-$50M,,https://linkedin.com/in/david-wood-345,Decision maker,
SF-1461,Justin,Baker,justin.baker@pacificsteelworks.com,(721) 478-1664,(368) 689-4665,Chief Financial Officer,Pacific Steel Works,pacificsteelworks.com,AUTOMOTIVE,California,Opportunity,Outbound,2019-09-14,2024-02-26,,150,https://linkedin.com/in/justin-baker-176,,Rep A
SF-1502,Brandon,Brown,brandon.brown@trailblazertrans.com,(388) 988-7860,(718) 722 6685,Staff Engineer,TrailBlazer  Transport,trailblazertrans.com,logistics,Ohio,Opportunity,cold call,2024-04-25,2024-11-14,1000000,150,,,Rep A
SF-1055,Margaret,Hill,margaret.hill@falconaerospace.com,(938) 480-5715,+1 (831) 180-6674,Marketing Mgr,Falcon Aerospace,falconaerospace.com,Aerospace,NC,Evangelist,Partner,2021-05-26,2024-07-25,$100M+,N/A,,,Rep A
SF-1294,,Gray,daniel.gray@acmemanufacturing.com,+1 (411) 923-6499,+1 (827) 441-9484,Mktg Manager,Acme Manufacturing,acmemanufacturing.com,Manufacturing,FL,SQL,TRADESHOW,2024-10-28,2026-01-15,$10M-$50M,500-1000,https://linkedin.com/in/daniel-gray-245,,Rep D
SF-1286,Brenda,Watson,brenda_watson@evergreenrecycling_com,000-000-0000,(324) 397-1484,sales rep,EverGreen Recycling,evergreenrecycling.com,Waste Management,MO,Lead,Event,2024-11-17,2026-02-18,,50-200,https://linkedin.com/in/brenda-watson-130,,Rep B
SF-1228,Jerry,Campbell,jerry.campbell@precisionmetals.com,(767) 451-3925,,Facility Manager,Precision Metals Inc,precisionmetals.com,Manufacturing,OH,Customer,website,2023-11-12,2025-12-29,,,https://linkedin.com/in/jerry-campbell-913,,Rep C
SF-1318,Anthony,Brooks,abrooks@vanguardconstruction.com,(927) 382-1635,N/A,"Vice President, Sales",Vanguard Construction,vanguardconstruction.com,Construction,IN,Opportunity,website,2023-05-26,2025-09-04,50M,,,,Rep D
SF-1366,Joseph,Watson,,N/A,(855) 720-6387,Marketing Mgr,RiverBend Paper Mill,riverbendpaper.com,Manufacturing,NV,Evangelist,,2021-10-26,2024-12-31,,,https://linkedin.com/in/joseph-watson-348,,Rep C
SF-1285,Brenda,Watson,brenda.watson@evergreenrecycling.com,(205) 362-9548,(324) 397-1484,AE,EverGreen Recycling,evergreenrecycling.com,Waste Management,MO,Lead,Event,2024-09-27,2026-02-18,,50-200,https://linkedin.com/in/brenda-watson-130,,Rep B
SF-1192,Eric,Collins,eric.collins@northstardrilling.com,(474) 853-9728,(987) 644-1981,cto,NorthStar Drilling Inc.,northstardrilling.com,Financial Services,Tennessee,Opportunity,Outbound,2022-07-29,2024-03-06,5000000,,,,Rep B
SF-1596,Jennifer,Cook,jennifer.cook@ironcladsecurity.com,,+1 (861) 831-7607,Dir IT,Ironclad Security Systems,ironcladsecurity.com,Manufacturing,GA,Customer,website,2020-01-04,2024-05-04,,10-50,,Interested in automation,Rep B
SF-1027,Sandra,Price,sandra_price@ironcladsecurity_com,000-000-0000,N/A,Plant Manager,Ironclad Security Systems,ironcladsecurity.com,automotive,MI,Opportunity,Event,2024-07-07,2024-12-19,,150,,,
SF-1310,Andrew,Ward,andrew.ward@northstardrilling.com,7452783406,(433) 262-5244,Maint Manager,NorthStar Drilling,northstardrilling.com,Healthcare,North Carolina,Lead,webform,2021-08-19,2024-12-24,,50-200,https://linkedin.com/in/andrew-ward-342,,Rep D
SF-1583,Dennis,Johnson,dennis.johnson@safeguardenv.com,(281) 210-5073,(745) 328-8771,CEO,SafeGuard Environmental,safeguardenv.com,Tech,Michigan,MQL,cold call,2023-10-14,2023-10-20,N/A,1200,https://linkedin.com/in/dennis-johnson-976,,Rep A
SF-1480,Carolyn,Chavez,,(467) 459-9161,(942) 319-3956,Sr Engineer,RiverBend Paper Mill,riverbendpaper.com,Manufacturing,OR,Customer,,2023-12-03,2024-01-03,,,,,Rep D
SF-1177,Joseph,Roberts,joseph.roberts@primecaremed.com,000-000-0000,N/A,sales manager,PrimeCare Medical Supply,,Healthcare,OR,Customer,Inbound,2019-09-26,2024-07-11,50M,,,,Rep B
SF-1618,Nicholas,Campbell,nicholas.campbell@harborviewprop.com,N/A,6861354689,vp sales,HarborView Properties,harborviewprop.com,Real Estate,IL,SQL,TRADESHOW,2022-09-19,2022-11-03,$1M-$5M,,https://linkedin.com/in/nicholas-campbell-331,Budget approved for Q2,Rep A
SF-1057,,Ortiz,gregory.ortiz@bluelineelectrical.com,N/A,(437) 747-1611,Marketing Manager,BlueLine Electrical Inc.,bluelineelectrical.com,Electrical,OH,Opportunity,,2021-01-12,2024-02-07,5000000,200-500,https://linkedin.com/in/gregory-ortiz-993,Met at trade show 2024,Rep A
SF-1593,Matthew,Ramirez,matthew.ramirez@stonewallmasonry.com,(656) 685-3953,N/A,V.P. Sales,StoneWall Masonry LLC,stonewallmasonry.com,Logistics,Missouri,Customer,Event,2022-12-07,2024-04-24,$10M-$50M,,https://linkedin.com/in/matthew-ramirez-213,,Rep A
SF-1636,James,Diaz,jamesdiaz@gmail.com,(335) 215-1542,,Engineer,StoneWall Masonry,stonewallmasonry.com,Construction,MN,Opportunity,TRADESHOW,2021-01-23,2025-10-19,,Unknown,https://linkedin.com/in/james-diaz-596,Interested in automation,Rep C
SF-1240,Kenneth,Perez,kenneth.perez@greenfieldfarms.com,(478) 692-2310,(568) 607-7188,Head of Procurement,Greenfield Farms LLC,greenfieldfarms.com,finance,OH,Opportunity,Website,2023-04-12,2025-03-13,$100M+,200-500,https://linkedin.com/in/kenneth-perez-279,,Rep D
SF-1123,Donald,Martinez,donald.martinez@clearwatertreat.com,3355246410,2306873639,sales rep,Clearwater Treatment,clearwatertreat.com,Water Treatment,MI,Lead,Trade Show,2024-01-14,2025-09-13,50M,,https://linkedin.com/in/donald-martinez-715,,
SF-1500,Paul,Cooper,paul.cooper@trailblazertrans.com,(650) 519-9302,4198052479,Plant Manger,TrailBlazer Transport,trailblazertrans.com,Transportation,IN,SQL,Trade Show,2023-04-12,2025-12-12,,,,,
SF-1588,Raymond,Myers,raymond.myers@hightidemarine.com,(457) 296-4810,(819) 212-2846,Sr Engineer,HighTide Marine,,Marine,WA,MQL,Event,2023-09-13,2024-01-24,,,,,Rep C
SF-1514,Rebecca,White,rebecca_white@primecaremed_com,+1 (281) 266-3308,(205) 979-7038,Engineer,PrimeCare Medical Supply,primecaremed.com,Healthcare,IL,Lead,website,2024-04-01,2025-01-04,,50-200,,,Rep B
SF-1275,Dorothy,Richardson,dorothy.richardson@trailblazertrans.com,(356) 780-9151,,Plant Mgr,TrailBlazer Transport,trailblazertrans.com,Warehousing & Logistics,Washington,Opportunity,LinkedIn,2024-04-22,2024-09-19,50M,200-500,https://linkedin.com/in/dorothy-richardson-682,,Rep D
SF-1204,Frank,Cox,frank.cox@apexindustrial.com,(474) 776-7931,(745) 536 2522,coo,APEX INDUSTRIAL SERVICES,apexindustrial.com,construction,IN,Opportunity,LinkedIn,2020-08-31,2024-05-10,$100M+,1200,,,
SF-1245,Dorothy,Bennett,dorothy.bennett@powergridutil.com,(342) 226-3013,(486) 916-5072,IT Director,PowerGrid Utilities,powergridutil.com,Automotive,WA,Evangelist,Trade Show,2019-01-13,2025-10-15,1000000,,,,Rep D
SF-1156,George,Rodriguez,,(969) 515-6152,(478) 623-2422,cto,delta fabrication co,deltafab.com,TECHNOLOGY,IN,Lead,Inbound,2019-06-03,2024-07-25,50M,450,https://linkedin.com/in/george-rodriguez-257,,
SF-1498,,James,N/A,(617) 200-6598,N/A,coo,EverGreen Recycling,evergreenrecycling.com,Waste Management,IN,MQL,LinkedIn,2020-05-25,2025-09-23,,10-50,https://linkedin.com/in/george-james-813,,Rep D
SF-1180,Laura,Perez,,(288) 310 1568,+1 (619) 439-5842,Chief Technology Officer,SwiftCargo Freight,swiftcargofreight.com,Logistics,MI,Customer,TRADESHOW,2020-08-25,2025-08-01,50M,50-200,https://linkedin.com/in/laura-perez-141,,Rep D
SF-1513,Rebecca,White,rebecca.white@primecaremed.com,+15418186873,(205) 979-7038,Engineer,PrimeCare Medical Supply,primecaremed.com,Healthcare,IL,Lead,website,2024-03-03,2025-01-04,,50-200,,,Rep B
SF-1413,Jessica,Carter,jessica_carter@northstardrilling_com,(797) 483-9374,(403) 472-1835,Maintenance Manager,NorthStar Drilling,,Oil & Gas,NV,Evangelist,Partner,2020-05-01,2025-05-02,1000000,,,,Rep A
SF-1441,Jonathan,Smith,N/A,785.962.6847,(532) 246-6507,Senior Accountant,Delta Fabrication Co,,Manufacturing,WA,Opportunity,website,2021-09-14,2025-06-29,,,https://linkedin.com/in/jonathan-smith-116,Interested in automation,Rep D
SF-1340,Mark,Ross,markross@gmail.com,(894) 491-5467,199.326.4683,Co-Founder,TrailBlazer Transport,trailblazertrans.com,-,NY,Customer,Outbound,2022-09-08,2025-07-08,$10M,,,,Rep D
SF-1510,,Reyes,rreyes@trailblazertrans.com,4022937105,(482) 631-3265,Dir Marketing,TrailBlazer Transport,trailblazertrans.com,Finance,Pennsylvania,Customer,Inbound,2020-02-10,2020-02-10,,10-50,,Follow up Q1,Rep C
SF-1458,Janet,Ortiz,janet@apexindustrial.com,(910) 218-1778,000-000-0000,CEO,Apex Industrial Services,apexindustrial.com,Industrial Services,MN,Evangelist,webform,2023-09-20,2026-02-24,5000000,Unknown,,,Rep D
SF-1167,Katherine,Ramirez,katherine.ramirez@evergreenrecycling.com,(779) 389-2816,(459) 501-8650,cfo,EverGreen Recycling,evergreenrecycling.com,Waste Management,NY,Evangelist,Partner,2022-02-06,2022-04-02,Unknown,25,,Budget approved for Q2,Rep C
SF-1332,Ryan,Watson,ryan.watson@ironcladsecurity.com,(495) 412-6606,(715) 764-5406,coo,Ironclad Security Systems,ironcladsecurity.com,energy,,Lead,Referral,2024-10-18,2025-11-05,50M,,https://linkedin.com/in/ryan-watson-481,,Rep C
SF-1190,Chris,Cook,chris.cook@atlaslogistics.com,,3503534844,Account Executive,Atlas Logistics Group,,AUTOMOTIVE,OR,SQL,Website,2024-04-07,2025-08-25,,,,,Rep B
SF-1014,James,Hill,james.hill@falconaerospace.com,(723) 684-3780,(490) 727-6491,Information Technology Director,falcon aerospace,,TECHNOLOGY,NY,Lead,Website,2021-09-29,2025-05-01,$5M-$10M,Unknown,https://linkedin.com/in/james-hill-835,Referred by existing customer,Rep A
SF-1466,Jerry,Diaz,jerry.diaz@bluelineelectrical.com,(618) 229-6545,000-000-0000,Business Owner,BlueLine Electrical,,Electrical,IN,MQL,Outbound,2024-10-23,2024-05-30,$1M-$5M,10-50,,,Rep B
SF-1381,Deborah,Carter,deborah.carter@deltafab.com,(651) 271-5026,(494) 770-3639,C.O.O.,Delta Fabrication Co,,Manufacturing,IL,Customer,Inbound,2019-08-21,2024-04-24,5000000,10-50,https://linkedin.com/in/deborah-carter-273,Sent proposal 11/2024,Rep A
SF-1400,Janet,Mitchell,janet.mitchell@summitenergy.com,N/A,+1 (138) 609-8085,Director of Operations,Summit Energy Solutions,summitenergy.com,Manufacturing,Nevada,Lead,TRADESHOW,2019-09-16,2026-02-27,N/A,,,Met at trade show 2024,Rep B
SF-1247,Anna,Reyes,anna.reyes@ironcladsecurity.com,(308) 645-1478,+13258365220,Plant Mgr,Ironclad Security Systems,ironcladsecurity.com,Security,AZ,MQL,webform,2019-09-22,2025-10-21,,N/A,https://linkedin.com/in/anna-reyes-490,,Rep B
SF-1424,Susan,Jackson,susan.jackson@northstardrilling.com,(914) 755-9287,000-000-0000,plant manager,NorthStar Drilling,northstardrilling.com,Automotive,,SQL,Inbound,2020-04-29,2024-11-11,,450,https://linkedin.com/in/susan-jackson-505,,Rep C
SF-1191,Brian,Murphy,brian.murphy@clearwatertreat.com,+19609709779,(479) 268-9700,Buyer,Clearwater Treatment,clearwatertreat.com,Water Treatment,IN,Opportunity,Trade Show,2022-11-23,2024-03-19,$100M+,1000+,,,
SF-1543,Cynthia,Gomez,cynthia.gomez@vanguardconstruction.com,(323) 982-9284,(404) 590-1632,Business Owner,Vanguard Construction,vanguardconstruction.com,Construction,FL,Lead,Partner,2020-05-25,2024-06-08,1000000,1200,,Decision maker,Rep A
SF-1609,Chris,Thomas,chris.thomas@powergridutil.com,(607) 882-8735,+11675472939,engineer,PowerGrid Utilities,powergridutil.com,Utilities,NV,SQL,,2020-08-17,2025-02-01,,10-50,,,
SF-1491,Richard,Flores,richard.flores@metrodistribution.com,(678) 327-5133,940.832.5416,CEO,Metro Distribution Inc Inc.,metrodistribution.com,Logistics,NY,SQL,website,2020-12-11,2020-12-12,,10-50,https://linkedin.com/in/richard-flores-404,Looking for CRM cleanup,Rep D
SF-1164,Charles,Sanders,csanders@mountaintoptelecom.com,+1 (647) 897-1176,5806876431,hr manager,MountainTop Telecom,mountaintoptelecom.com,Telecom,IN,Customer,Cold Call,2019-07-31,2025-11-03,N/A,1000+,,,Rep C
SF-1262,Thomas,Phillips,,(737) 513-4791,,V.P. Sales,precision metals inc,precisionmetals.com,Manufacturing,Texas,SQL,Partner,2022-02-21,2022-05-10,,,https://linkedin.com/in/thomas-phillips-472,,
SF-1614,Jacob,Murphy,jacob.murphy@metrodistribution.com,(350) 385-8812,+15668464379,VP of Sales,Metro Distribution Inc,metrodistribution.com,automotive,OR,Lead,Partner,2020-03-12,2025-03-09,,200-500,https://linkedin.com/in/jacob-murphy-656,,Rep D
SF-1646,Stephen,Patel,stephen.patel@vanguardconstruction.com,(601) 885-6992,N/A,HR Mgr,Vanguard Construction,vanguardconstruction.com,Construction,AZ,SQL,Referral,2025-01-19,2024-10-09,$50M-$100M,N/A,https://linkedin.com/in/stephen-patel-282,,
SF-1387,Brian,Garcia,brian.garcia@sunpeaksolar.com,,(634) 616-6605,"Mgr, Sales",SunPeak Solar,sunpeaksolar.com,Energy,IL,SQL,cold call,2021-12-07,2025-07-19,,,,,Rep C
SF-1545,Samuel,Castillo,samuelcastillo@gmail.com,(703) 482-2712,(206) 697-6165,Chief Exec Officer,OakBridge Financial,,Finance,GA,Customer,LinkedIn,2020-05-14,2025-10-30,$10M-$50M,,https://linkedin.com/in/samuel-castillo-325,Follow up Q1,Rep C
SF-1078,Helen,Collins,helen.collins@cryobuild.com,(865) 509-3604,(480) 295-6905,"Vice President, Sales",cryobuild systems,cryobuild.com,LOGISTICS,North Carolina,Opportunity,TRADESHOW,2020-01-09,2025-12-21,,,,,Rep A
SF-1330,Jessica,Davis,jessica_davis@quantumdatasys_com,(540) 888-6185,(373) 800-7000,Maintenance Mgr,Quantum Data Systems,,Technology,TN,Lead,TRADESHOW,2023-08-20,2023-09-02,Unknown,,,Follow up Q1,Rep D
SF-1341,Betty,Morgan,betty.morgan@ironcladsecurity.com,(285) 412-9676,N/A,SALES MANAGER,Ironclad Security Systems,ironcladsecurity.com,Security,MO,Evangelist,Partner,2021-08-19,2021-10-07,$10M-$50M,50-200,,,Rep B
SF-1476,Michelle,Alvarez,michelle.alvarez@swiftcargofreight.com,(540) 226-3230,(206) 240-1702,CEO,SwiftCargo Freight,,ENERGY,IL,MQL,Referral,2021-08-26,2024-05-14,$5M-$10M,25,,,Rep B
SF-1386,Ryan,Williams,N/A,(893) 603-3449,(828) 911 2361,"Mgr, Sales",PeakView Analytics,peakviewanalytics.com,Technology,WA,SQL,Trade Show,2024-10-03,2024-10-13,$1M-$5M,200-500,,,Rep D
SF-1383,Stephanie,Price,stephanie.price@goldstarpackaging.com,(627) 671-8410,,Sales Rep,GoldStar Packaging,goldstarpackaging.com,Packaging,OR,Customer,,2023-07-31,2023-09-17,$50M-$100M,450,,Budget approved for Q2,
SF-1022,Susan,Johnson,susan.johnson@brightpathedu.com,(266) 610-9056,000-000-0000,"Director, Operations",BrightPath Education,brightpathedu.com,Unknown,,SQL,webform,2019-09-04,2025-09-16,$5M-$10M,500-1000,https://linkedin.com/in/susan-johnson-370,Follow up Q1,Rep B
SF-1139,Susan,Taylor,susan.taylor@peakviewanalytics.com,,000-000-0000,AE,PeakView Analytics,peakviewanalytics.com,healthcare,OH,MQL,Inbound,2019-09-17,2025-11-05,5000000,,https://linkedin.com/in/susan-taylor-884,,Rep C
SF-1070,Laura,Wilson,laura.wilson@apexindustrial.com,(866) 808-3230,,Sr Engineer,Apex Industrial Services,apexindustrial.com,Medical,Colorado,Customer,Trade Show,2025-02-12,2024-07-03,$10M,,https://linkedin.com/in/laura-wilson-825,,Rep A
SF-1448,Emma,Bennett,emma@brightpathedu.com,(243) 521-7216,,Sales Mgr,BrightPath Education,brightpathedu.com,Education,TN,SQL,Event,2020-09-06,2025-02-18,$5M-$10M,,,,Rep A
SF-1161,Kathleen,Anderson,kathleen.anderson@stonewallmasonry.com,(812) 311-7208,000-000-0000,Human Resources Manager,StoneWall Masonry,stonewallmasonry.com,Construction,MN,Customer,Partner,2021-03-12,2021-04-08,1000000,,https://linkedin.com/in/kathleen-anderson-795,,Rep C
SF-1093,Amanda,Allen,amanda_allen@proflowsupply_com,(371) 776 5612,,Accountant,ProFlow Plumbing Supply,,Wholesale,OH,Opportunity,Cold Call,2019-11-23,2025-07-14,$5M-$10M,,https://linkedin.com/in/amanda-allen-821,,Rep D
SF-1117,Larry,Martinez,larry.martinez@brightpathedu.com,N/A,(508) 821-2417,People Manager,BrightPath Education,brightpathedu.com,Education,MI,Opportunity,Outbound,2023-06-07,2025-11-07,,,,,Rep B
SF-1203,Deborah,Mitchell,deborah_mitchell@stonewallmasonry_com,000-000-0000,(205) 537-1718,VP Sales,StoneWall Masonry,stonewallmasonry.com,Construction,MN,Opportunity,Inbound,2020-08-10,2024-08-04,Unknown,,https://linkedin.com/in/deborah-mitchell-861,,Rep D
SF-1453,Jerry,Cook,jerry.cook@peakviewanalytics.com,(937) 737-1137,2893131435,hr manager,PeakView Analytics,peakviewanalytics.com,Technology,GA,Evangelist,Outbound,2022-09-29,2025-04-28,50M,,,Interested in automation,Rep A
SF-1052,Nancy,Campbell,,(547) 771-6990,(403) 816-9341,Maintenance Manager,NorthStar Drilling,northstardrilling.com,Logistics,,Opportunity,Event,2024-02-15,2024-06-01,$10M,,https://linkedin.com/in/nancy-campbell-426,,Rep C
SF-1501,Shirley,Long,slong@northstardrilling.com,(150) 125 5933,N/A,Staff Accountant,NorthStar Drilling,northstardrilling.com,Oil & Gas,AZ,Opportunity,,2023-01-31,2025-05-16,1000000,10-50,https://linkedin.com/in/shirley-long-901,,
SF-1337,Mary,Morales,mary.morales@powergridutil.com,(714) 581-8758,(747) 573-2829,Chief Exec Officer,PowerGrid Utilities,powergridutil.com,Utilities,OH,Opportunity,Event,2023-04-20,2025-11-21,,,https://linkedin.com/in/mary-morales-824,,Rep D
SF-1236,,Myers,gregory@riverbendpaper.com,(114) 445 4148,551.466.3915,Plant Manger,RiverBend Paper Mill Inc.,riverbendpaper.com,Manufacturing,OR,Evangelist,Website,2024-12-02,2025-10-18,Unknown,150,https://linkedin.com/in/gregory-myers-554,,Rep B
SF-1535,Ronald,Robinson,ronald.robinson@powergridutil.com,(493) 997-5173,000-000-0000,Sr Engineer,PowerGrid Utilities,powergridutil.com,Utilities,OH,Opportunity,Trade Show,2020-07-05,2024-06-21,5000000,50-200,,Budget approved for Q2,Rep B
SF-1265,Kimberly,Miller,kimberly.miller@westsideautoparts.com,(285) 922-9999,+14321581170,Inside Sales Rep,Westside Auto Parts,westsideautoparts.com,Automotive,CO,Evangelist,LinkedIn,2021-04-24,2021-06-20,,,https://linkedin.com/in/kimberly-miller-927,Left voicemail,Rep D
SF-1119,Donna,Gray,dgray@primecaremed_com,(750) 760-2394,8668596633,CFO,PrimeCare Medical Supply,primecaremed.com,Healthcare,MO,Opportunity,TRADESHOW,2025-03-30,2024-03-15,,,,Referred by existing customer,Rep B
SF-1645,Kenneth,Scott,kenneth.scott@quantumdatasys.com,(625) 331-4694,+15234292248,Dir Marketing,Quantum Data Systems,,LOGISTICS,IN,Customer,Inbound,2019-11-18,2024-10-01,$50M-$100M,10-50,https://linkedin.com/in/kenneth-scott-175,,Rep C
SF-1526,Ashley,Taylor,ashley.taylor@powergridutil.com,(786) 919-3448,,CTO,PowerGrid Utilities,,,Georgia,Opportunity,Event,2021-11-03,2024-09-05,,50-200,,,Rep A
SF-1586,Jason,Clark,jason.clark@trailblazertrans.com,(741) 973-4766,(416) 222-7746,Maint Manager,TRAILBLAZER TRANSPORT,trailblazertrans.com,Medical,WI,Customer,Cold Call,2020-12-10,2025-06-01,$100M+,1200,,,Rep A
SF-1065,Nicholas,Reyes,nicholas.reyes@proflowsupply.com,(776) 426-3390,N/A,Director of IT,ProFlow Plumbing Supply,proflowsupply.com,Wholesale,IN,Evangelist,TRADESHOW,2024-07-02,2025-04-16,,200-500,,,Rep A
SF-1629,Lisa,Sanchez,lisa.sanchez@mountaintoptelecom.com,9954456127,(425) 688-9743,VP Sales,MountainTop Telecom,mountaintoptelecom.com,Telecom,NY,SQL,TRADESHOW,2023-10-17,2023-10-24,,Unknown,,,
SF-1100,Benjamin,Gomez,benjamin.gomez@stonewallmasonry.com,(505) 900-2771,000-000-0000,sales rep,StoneWall Masonry,stonewallmasonry.com,automotive,AZ,SQL,Outbound,2023-07-16,2025-02-01,,,https://linkedin.com/in/benjamin-gomez-451,Not interested right now,Rep D
SF-1350,Anthony,Gonzalez,anthony.gonzalez@goldstarpackaging.com,(937) 653-4191,(850) 829-8475,V.P. Sales,GoldStar Packaging,goldstarpackaging.com,Packaging,CA,SQL,website,2023-07-26,2025-09-07,,25,https://linkedin.com/in/anthony-gonzalez-626,,
SF-1315,Donald,Hill,donald.hill@peakviewanalytics.com,(975) 382-3346,N/A,President,PeakView Analytics,,technology,IN,SQL,webform,2020-03-10,2024-08-25,$10M-$50M,,https://linkedin.com/in/donald-hill-620,Met at trade show 2024,
SF-1563,Rachel,Lee,rachel_lee@summitenergy_com,,(751) 357-8134,Chief Executive Officer,Summit Energy Solutions,summitenergy.com,Energy,MO,Opportunity,Event,2024-09-17,2025-02-15,,,https://linkedin.com/in/rachel-lee-212,,Rep D
SF-1338,Mary,Morales,mary_morales@powergridutil_com,N/A,(747) 573-2829,C.E.O.,PowerGrid Utilities,powergridutil.com,Utilities,OH,Opportunity,Event,2023-05-19,2025-11-21,,,https://linkedin.com/in/mary-morales-824,,Rep D
SF-1344,Samantha,Anderson,samantha.anderson@evergreenrecycling.com,8661337657,000-000-0000,plant manager,EverGreen Recycling,evergreenrecycling.com,Waste Management,FL,Lead,Cold Call,2021-12-11,2026-02-15,$5M-$10M,25,,,Rep B
SF-1084,Donald,Patel,donald.patel@clearwatertreat.com,(383) 236-7870,3545266241,Ops Director,Clearwater Treatment,clearwatertreat.com,Financial Services,Colorado,SQL,Inbound,2019-12-20,2020-02-29,1000000,,https://linkedin.com/in/donald-patel-411,Not interested right now,Rep D
SF-1440,David,Ramos,david.ramos@riverbendpaper.com,N/A,(734) 460-2619,maintenance manager,RiverBend Paper Mill,riverbendpaper.com,TECHNOLOGY,NC,Lead,Referral,2020-03-14,2024-09-04,$100M+,Unknown,https://linkedin.com/in/david-ramos-976,,Rep D
SF-1166,,Torres,mary.torres@quantumdatasys.com,(642) 825-5466,,Director of Operations,Quantum Data Systems,,Manufacturing,Missouri,Lead,Outbound,2020-02-05,2025-06-21,,500-1000,https://linkedin.com/in/mary-torres-357,,
SF-1239,Michelle,Chavez,michelle.chavez@precisionmetals.com,(448) 410-9836,+17229937250,Purchasing Manager,Precision Metals Inc,precisionmetals.com,Manufacturing,PA,Lead,TRADESHOW,2020-08-02,2024-07-28,,,https://linkedin.com/in/michelle-chavez-914,Not interested right now,Rep D
SF-1006,Helen,Davis,helen_davis@bluelineelectrical_com,(102) 499 5345,+12941962588,Business Owner,BlueLine  Electrical,bluelineelectrical.com,CONSTRUCTION,TX,MQL,Outbound,2021-02-28,2024-10-12,$5M-$10M,1200,,Needs predictive maintenance solution,Rep B
SF-1018,Michael,Hall,,(444) 329-8758,(777) 423-8619,VP of Sales,BlueLine Electrical,,Electrical,NC,SQL,Cold Call,2020-04-14,2024-06-16,$5M-$10M,1000+,https://linkedin.com/in/michael-hall-484,,Rep B
SF-1364,Jonathan,Kim,jkim@deltafab.com,2622023713,(610) 503-7386,sales rep,Delta Fabrication Co,deltafab.com,Manufacturing,TN,Opportunity,Partner,2024-03-31,2024-05-12,,10-50,,Decision maker,
SF-1226,Scott,Harris,scott.harris@proflowsupply.com,N/A,(754) 994-3385,Chief Operating Officer,ProFlow Plumbing Supply,proflowsupply.com,technology,IL,Lead,Event,2020-08-15,2020-08-23,,1200,https://linkedin.com/in/scott-harris-532,,Rep B
SF-1032,Shirley,Moore,shirley.moore@sterlingchemical.com,(701) 830-7686,(486) 233-7070,Staff Accountant,Sterling Chemical Co,,Chemical,PA,Opportunity,Partner,2021-08-25,2025-01-06,,1200,https://linkedin.com/in/shirley-moore-760,,Rep A
SF-1373,Patrick,Hughes,patrick.hughes@northstardrilling.com,(646) 266-3807,+1 (683) 358-1451,Ops Director,NorthStar Drilling,northstardrilling.com,Oil & Gas,NV,Evangelist,website,2020-06-30,2025-02-09,,1200,https://linkedin.com/in/patrick-hughes-411,,Rep D
SF-1678,Eric,Gomez,eric.gomez@northstardrilling.com,(877) 511-3681,(432) 432-3868,"Mgr, Sales",NorthStar Drilling,northstardrilling.com,Oil & Gas,MI,Lead,Outbound,2023-03-08,2023-03-17,Unknown,1200,,,Rep B
SF-1267,Anthony,Moore,anthony.moore@oakbridgefin.com,(121) 944 1729,+1 (803) 832-2841,Buyer,OakBridge Financial,oakbridgefin.com,Finance,OH,Lead,Trade Show,2020-02-21,2024-10-15,,25,https://linkedin.com/in/anthony-moore-186,Looking for CRM cleanup,Rep C
SF-1118,Donna,Gray,dgray@primecaremed.com,(750) 760-2394,8668596633,CFO,PrimeCare Medical Supply,primecaremed.com,Healthcare,MO,Opportunity,TRADESHOW,2025-03-01,2024-03-15,,,,Referred by existing customer,Rep B
SF-1241,Larry,Cox,lcox@oakbridgefin.com,(583) 703-7628,(604) 960-7113,Chief Financial Officer,OAKBRIDGE FINANCIAL,oakbridgefin.com,Unknown,CO,Opportunity,webform,2020-10-27,2024-07-17,$100M+,N/A,,Decision maker,Rep D
SF-1405,Laura,Carter,laura.carter@metrodistribution.com,(421) 828-7727,N/A,Head of Procurement,Metro Distribution Inc,metrodistribution.com,Auto,Wisconsin,Opportunity,LinkedIn,2020-10-28,2020-11-03,,50-200,https://linkedin.com/in/laura-carter-957,,Rep D
SF-1577,Dorothy,Flores,dorothy.flores@evergreenrecycling.com,(565) 990-3312,819.925.8527,Mktg Manager,EverGreen Recycling,evergreenrecycling.com,automotive,Texas,Lead,Trade Show,2021-03-10,2024-05-07,5000000,,https://linkedin.com/in/dorothy-flores-804,,
SF-1092,Amanda,Allen,amanda.allen@proflowsupply.com,(587) 559-9946,,Staff Accountant,ProFlow Plumbing Supply,,Wholesale,OH,Opportunity,Cold Call,2019-11-04,2025-07-14,$5M-$10M,,https://linkedin.com/in/amanda-allen-821,,Rep D
SF-1409,Michelle,Young,michelleyoung@gmail.com,(842) 754-2161,,Mktg Manager,OakBridge Financial,oakbridgefin.com,Finance,GA,SQL,Outbound,2019-09-02,2026-02-09,1000000,10-50,,Sent proposal 11/2024,Rep B
SF-1276,Benjamin,Mendoza,benjaminmendoza@gmail.com,(469) 898-1699,(859) 258-5011,Dir IT,Apex Industrial Services,apexindustrial.com,Industrial Services,MO,Lead,Cold Call,2020-03-07,2024-10-24,,50-200,,Decision maker,
SF-1329,Jessica,Davis,jessica.davis@quantumdatasys.com,(540) 888-6185,(373) 800-7000,Maintenance Mgr,Quantum Data Systems,,Technology,TN,Lead,TRADESHOW,2023-07-10,2023-09-02,Unknown,,,Follow up Q1,Rep D
SF-1401,Sandra,Ruiz,sandra.ruiz@quantumdatasys.com,(960) 248-5694,000-000-0000,accountant,Quantum Data Systems,quantumdatasys.com,Technology,OH,Customer,Outbound,2023-03-05,2023-05-04,$100M+,,https://linkedin.com/in/sandra-ruiz-606,Left voicemail,
SF-1573,Stephen,Kelly,stephen.kelly@northstardrilling.com,(442) 833-8761,252.557.7071,Marketing Mgr,NorthStar Drilling ,northstardrilling.com,Medical,TX,Evangelist,Trade Show,2019-03-12,2019-04-27,$5M-$10M,,,,Rep C
SF-1181,Benjamin,Lewis,benjamin.lewis@quantumdatasys.com,(400) 223-2369,,Chief Operating Officer,Quantum Data Systems,quantumdatasys.com,technology,Colorado,SQL,Partner,2019-12-25,2024-08-08,50M,150,https://linkedin.com/in/benjamin-lewis-395,,Rep D
SF-1497,Jerry,Young,jerry.young@harborviewprop.com,(713) 433-1673,(340) 464-7474,Facility Manager,HarborView Properties,harborviewprop.com,Auto,Indiana,Customer,Referral,2023-10-07,2023-10-10,$5M-$10M,,,Interested in automation,Rep B
SF-1257,Andrew,Diaz,andrew.diaz@mountaintoptelecom.com,(520) 292-2302,(861) 392 9074,Purchasing Manager,MountainTop Telecom,mountaintoptelecom.com,Telecom,IN,Opportunity,Event,2024-12-20,2025-12-15,,,,Met at trade show 2024,Rep C
SF-1197,Richard,Lee,richard.lee@corepointeng.com,(856) 856-4010,(856) 339-1050,Information Technology Director,CorePoint Engineering,corepointeng.com,Engineering,CO,MQL,TRADESHOW,2022-06-05,2024-11-17,$5M-$10M,,https://linkedin.com/in/richard-lee-886,,Rep D
SF-1389,Kevin,Watson,kevin.watson@mountaintoptelecom.com,(806) 262-8250,816.226.2241,Mktg Manager,MountainTop Telecom Corp,,Unknown,Ohio,MQL,Outbound,2021-10-24,2024-12-19,$10M,,https://linkedin.com/in/kevin-watson-799,,Rep A
SF-1550,Chris,Reyes,chris.reyes@harborviewprop.com,(835) 773-6495,(557) 488-7782,"Mgr, Sales",HarborView Properties,harborviewprop.com,Real Estate,NV,MQL,LinkedIn,2022-09-15,2026-02-10,,1000+,https://linkedin.com/in/chris-reyes-414,,
SF-1274,Patricia,Walker,N/A,,000-000-0000,Vice President Sales,Falcon Aerospace Inc.,falconaerospace.com,Medical,Tennessee,MQL,cold call,2020-02-22,2024-12-05,N/A,1200,https://linkedin.com/in/patricia-walker-253,,Rep A
SF-1080,Michelle,Moore,michelle.moore@westsideautoparts.com,(508) 410-9482,(393) 965-7418,Purchasing Manager,Westside Auto Parts,westsideautoparts.com,Oil & Gas,MI,Lead,Trade Show,2024-08-08,2025-10-15,$10M,10-50,https://linkedin.com/in/michelle-moore-424,,Rep C
SF-1007,Janet,Cooper,jcooper@atlaslogistics.com,,(409) 885-6147,owner,Atlas Logistics Group,,Logistics,GA,SQL,Outbound,2020-06-20,2025-11-18,50M,50-200,,Looking for CRM cleanup,Rep B
SF-1088,Mark,White,mark.white@sunpeaksolar.com,(690) 262-2437,+1 (900) 830-6883,Facility Manager,SunPeak Solar,sunpeaksolar.com,N/A,MO,Opportunity,LinkedIn,2021-01-06,2021-01-10,,,https://linkedin.com/in/mark-white-897,,Rep C
SF-1063,Michelle,Kelly,michelle.kelly@evergreenrecycling.com,000-000-0000,000-000-0000,Chief Financial Officer,EverGreen Recycling,evergreenrecycling.com,Waste Management,NV,Customer,Event,2020-07-03,2025-02-01,,,https://linkedin.com/in/michelle-kelly-560,Interested in automation,Rep A
SF-1605,William,Castillo,william.castillo@novatechsolutions.com,(634) 204-4927,+14941541957,"Director, Operations",NOVATECH SOLUTIONS,novatechsolutions.com,Manufacturing,,MQL,Referral,2024-07-26,2026-02-04,,Unknown,https://linkedin.com/in/william-castillo-146,Interested in automation,Rep B
SF-1234,Chris,Scott,chris.scott@goldstarpackaging.com,(324) 577-2253,(716) 984-6341,coo,GOLDSTAR PACKAGING,goldstarpackaging.com,AUTOMOTIVE,,Evangelist,cold call,2024-03-06,2025-01-25,,500-1000,,,Rep C
SF-1095,Katherine,Watson,katherine.watson@evergreenrecycling.com,+1 (490) 478-4056,000-000-0000,Purchasing Manager,EverGreen Recycling,evergreenrecycling.com,Waste Management,WI,MQL,Event,2019-10-29,2025-01-31,5000000,Unknown,https://linkedin.com/in/katherine-watson-586,,Rep D
SF-1200,Deborah,Bennett,deborahbennett@gmail.com,(679) 335-2468,N/A,C.T.O.,PrimeCare Medical Supply,primecaremed.com,oil and gas,NC,Opportunity,Cold Call,2022-07-16,2022-09-17,$10M-$50M,Unknown,https://linkedin.com/in/deborah-bennett-550,,Rep A
SF-1290,Paul,Garcia,paul.garcia@pacificsteelworks.com,(797) 671-2964,691.589.9029,Sr Engineer,Pacific Steel Works,pacificsteelworks.com,technology,New York,SQL,Event,2021-09-19,2025-11-06,$50M-$100M,50-200,https://linkedin.com/in/paul-garcia-161,,Rep D
SF-1437,Sarah,Rodriguez,sarah.rodriguez@proflowsupply.com,(754) 309-5330,(289) 764 2701,Marketing Manager,ProFlow Plumbing Supply,proflowsupply.com,Wholesale,TN,MQL,Outbound,2019-01-22,2019-04-20,$100M+,N/A,https://linkedin.com/in/sarah-rodriguez-292,,
SF-1115,,Patel,lisa@clearwatertreat_com,602.908.6866,(733) 269-9276,Maintenance Mgr,Clearwater Treatment Inc.,clearwatertreat.com,construction,OH,MQL,TRADESHOW,2022-09-24,2024-12-05,$50M-$100M,,https://linkedin.com/in/lisa-patel-674,Decision maker,Rep D
SF-1552,Pamela,Wright,N/A,(972) 631 6697,(328) 238-5004,Human Resources Manager,ProFlow Plumbing Supply,proflowsupply.com,Technology,California,SQL,Outbound,2019-09-20,2019-10-09,$50M-$100M,10-50,,Sent proposal 11/2024,Rep B
SF-1322,Jack,Gomez,jack.gomez@primecaremed.com,(688) 776-2785,(540) 347-2370,"Vice President, Sales",PrimeCare Medical Supply,primecaremed.com,Healthcare,FL,Customer,Cold Call,2021-04-30,2025-05-16,$5M-$10M,,https://linkedin.com/in/jack-gomez-584,,Rep A
SF-1009,Susan,Myers,susan.myers@northstardrilling.com,(717) 700-5114,(252) 294-7939,Director of IT,NorthStar Drilling,northstardrilling.com,IT,North Carolina,Evangelist,LinkedIn,2020-10-23,2026-01-29,N/A,10-50,,Gatekeeper - need to get to director,Rep C
SF-1503,Timothy,Cook,timothy.cook@corepointeng.com,(215) 310-8775,(605) 692-9102,Director of Operations,CorePoint Engineering,corepointeng.com,Engineering,MO,MQL,Trade Show,2019-11-21,2024-06-26,1000000,10-50,https://linkedin.com/in/timothy-cook-379,,Rep C
SF-1490,Richard,Flores,richard.flores@metrodistribution.com,(678) 327-5133,940.832.5416,CEO,Metro Distribution Inc,metrodistribution.com,Logistics,NY,SQL,website,2020-12-06,2020-12-12,,10-50,https://linkedin.com/in/richard-flores-404,Looking for CRM cleanup,Rep D
SF-1384,Stephanie,Miller,stephanie.miller@greenfieldfarms.com,(224) 910-4382,+1 (579) 351-3139,engineer,Greenfield Farms LLC,greenfieldfarms.com,Auto,AZ,Lead,TRADESHOW,2020-02-02,2024-03-07,,,https://linkedin.com/in/stephanie-miller-154,,Rep C
SF-1546,Katherine,Phillips,katherine.phillips@bluelineelectrical.com,+14263572191,(889) 550-6405,Engineer,BlueLine Electrical,,Electrical,NV,SQL,Website,2020-01-10,2025-08-13,,,,,Rep D
SF-1076,Linda,Reed,linda.reed@hightidemarine.com,(726) 895-2560,+1 (948) 353-7434,Buyer,HighTide Marine,hightidemarine.com,Marine,IL,Customer,TRADESHOW,2022-01-05,2025-10-04,50M,,https://linkedin.com/in/linda-reed-887,,Rep C
SF-1152,Brenda,James,brenda.james@deltafab.com,(656) 495-3960,975.610.9904,Ops Director,Delta Fabrication Co,deltafab.com,Finance,PA,Customer,webform,2019-01-27,2024-09-07,$100M+,1200,https://linkedin.com/in/brenda-james-312,,Rep A
SF-1301,Katherine,Richardson,katherine.richardson@quantumdatasys.com,(566) 712-9244,N/A,People Manager,Quantum Data Systems,quantumdatasys.com,Automotive,,Opportunity,webform,2021-01-08,2025-08-12,$10M,1200,,Looking for CRM cleanup,
SF-1390,Nicholas,Hall,nicholas.hall@atlaslogistics.com,(526) 802-6922,(820) 894-2079,HR Manager,Atlas Logistics Group,atlaslogistics.com,Logistics,WI,SQL,cold call,2022-07-30,2022-09-26,50M,1000+,https://linkedin.com/in/nicholas-hall-420,,Rep B
SF-1091,Jonathan,Campbell,jonathan.campbell@summitenergy.com,000-000-0000,971.889.1530,C.E.O.,summit energy solutions,summitenergy.com,automotive,Wisconsin,SQL,Inbound,2020-11-18,2025-10-13,$5M-$10M,Unknown,https://linkedin.com/in/jonathan-campbell-443,,Rep A
SF-1600,Heather,Watson,heather.watson@safeguardenv.com,+11563707987,8408633879,Engineer,SafeGuard Environmental LLC,,Tech,IN,Opportunity,cold call,2019-07-08,2024-11-08,$10M-$50M,150,https://linkedin.com/in/heather-watson-972,Left voicemail,
SF-1578,Matthew,Diaz,matthew.diaz@precisionmetals.com,(686) 401-1157,,"Mgr, Sales",Precision Metals Inc,precisionmetals.com,Manufacturing,GA,Opportunity,website,2024-09-27,2024-02-21,,50-200,,Not interested right now,Rep D
SF-1193,Eric,Collins,eric_collins@northstardrilling_com,N/A,(987) 644-1981,cto,NorthStar Drilling Inc.,northstardrilling.com,Financial Services,Tennessee,Opportunity,Outbound,2022-09-22,2024-03-06,5000000,,,,Rep B
SF-1521,Rachel,Cruz,rachel.cruz@sterlingchemical.com,(439) 522-5391,(285) 898-3902,"Vice President, Sales",Sterling Chemical Co,sterlingchemical.com,Warehousing & Logistics,CA,SQL,website,2023-01-03,2024-03-01,,N/A,https://linkedin.com/in/rachel-cruz-180,,Rep B
SF-1572,Nancy,Cox,nancy_cox@clearwatertreat_com,+15093962002,(309) 589-5799,purchasing manager,Clearwater Treatment Inc.,,Water Treatment,WI,Customer,Website,2022-02-17,2024-10-23,,200-500,https://linkedin.com/in/nancy-cox-627,Met at trade show 2024,Rep A
SF-1672,Jonathan,Martinez,jonathan.martinez@goldstarpackaging.com,(266) 528-9095,(771) 794-5956,coo,GoldStar Packaging,goldstarpackaging.com,Packaging,WA,Customer,webform,2023-05-19,2024-06-20,$10M,,,,Rep B
SF-1216,Charles,Cook,N/A,(233) 964-3569,(578) 321-7694,owner,Apex Industrial Services,,Industrial Services,FL,Lead,Inbound,2022-04-01,2024-02-11,$5M-$10M,25,,,
SF-1003,Joseph,Nguyen,joseph.nguyen@trailblazertrans.com,+1 (100) 713-6310,(999) 680 2290,Maintenance Mgr,TrailBlazer  Transport,trailblazertrans.com,LOGISTICS,IL,MQL,Event,2021-04-03,2025-12-31,,Unknown,,Referred by existing customer,Rep C
SF-1072,Deborah,Reyes,deborah.reyes@stonewallmasonry.com,(287) 318-3321,4515664389,Marketing Manager,StoneWall Masonry,stonewallmasonry.com,Construction,FL,Lead,,2022-11-06,2025-10-25,,N/A,,,Rep D
SF-1039,Helen,Hill,helen@sunpeaksolar.com,(278) 860-2479,(719) 593-8581,People Manager,SunPeak Solar,,Energy,WI,Customer,website,2019-06-18,2019-08-15,,25,https://linkedin.com/in/helen-hill-613,,Rep C
SF-1557,Kathleen,Perez,kathleen@westsideautoparts.com,(795) 959-1268,+1 (951) 365-9953,CFO,Westside Auto Parts,westsideautoparts.com,automotive,FL,SQL,Outbound,2020-03-09,2025-09-29,,200-500,https://linkedin.com/in/kathleen-perez-151,,Rep D
SF-1377,Edward,Parker,edward.parker@sterlingchemical.com,(989) 494-1903,000-000-0000,Dir Marketing,sterling chemical co,sterlingchemical.com,,Pennsylvania,Customer,Inbound,2019-07-03,2019-07-31,,500-1000,https://linkedin.com/in/edward-parker-174,Referred by existing customer,Rep A
SF-1260,Timothy,Hill,timothy.hill@primecaremed.com,(343) 562-8110,+1 (132) 264-4260,ceo,PrimeCare Medical Supply,primecaremed.com,Healthcare,NC,Lead,Outbound,2024-06-26,2025-07-17,Unknown,25,https://linkedin.com/in/timothy-hill-899,Needs predictive maintenance solution,Rep D
SF-1446,,Walker,thomas.walker@atlaslogistics.com,(750) 295-5254,(970) 958 4363,Plant Manger,Atlas Logistics Group,atlaslogistics.com,Logistics,MN,Opportunity,Referral,2023-09-26,2026-01-08,$5M-$10M,25,,Sent proposal 11/2024,Rep A
SF-1300,Cynthia,Brown,cynthia.brown@clearwatertreat.com,7833817409,(831) 326-8083,Staff Engineer,Clearwater Treatment Inc.,clearwatertreat.com,Water Treatment,IL,Evangelist,Website,2021-03-09,2021-02-14,Unknown,,https://linkedin.com/in/cynthia-brown-816,,Rep A
SF-1215,Helen,Cook,helen.cook@hightidemarine.com,782.903.3293,000-000-0000,HR Mgr,HighTide Marine,hightidemarine.com,healthcare,IL,Opportunity,webform,2024-10-26,2025-02-08,,150,https://linkedin.com/in/helen-cook-805,Referred by existing customer,Rep B
SF-1058,Joshua,Reed,joshua.reed@greenfieldfarms.com,N/A,(909) 441-2017,Senior Accountant,Greenfield Farms LLC,greenfieldfarms.com,AUTOMOTIVE,,Evangelist,website,2022-06-27,2025-12-07,,1000+,,,Rep D
SF-1035,Ryan,Robinson,ryan.robinson@harborviewprop.com,(583) 356-8770,,C.E.O.,HarborView Properties,harborviewprop.com,technology,NV,SQL,Referral,2024-09-09,2024-08-05,,50-200,,,Rep B
SF-1041,Patrick,Hernandez,patrick_hernandez@clearwatertreat_com,000-000-0000,,HR Mgr,Clearwater Treatment,clearwatertreat.com,Water Treatment,IL,Evangelist,cold call,2024-12-03,2024-04-05,5000000,10-50,,,Rep D
SF-1438,Gregory,Roberts,gregory.roberts@greenfieldfarms.com,(327) 923-7884,7196091023,Senior Accountant,Greenfield Farms LLC,,Agriculture,GA,MQL,cold call,2019-07-10,2019-07-20,$10M-$50M,1000+,https://linkedin.com/in/gregory-roberts-688,,Rep A
SF-1202,Deborah,Mitchell,deborah.mitchell@stonewallmasonry.com,(691) 664-5412,(205) 537-1718,VP Sales,StoneWall Masonry,stonewallmasonry.com,Construction,MN,Opportunity,Inbound,2020-06-13,2024-08-04,Unknown,,https://linkedin.com/in/deborah-mitchell-861,,Rep D
SF-1313,Angela,Cruz,angela@safeguardenv.com,181.460.9284,+16503507678,Facility Manager,SafeGuard Environmental,safeguardenv.com,N/A,NV,MQL,Cold Call,2024-02-03,2024-01-16,,1200,https://linkedin.com/in/angela-cruz-581,Follow up Q1,Rep A
SF-1539,Sandra,Mitchell,sandra.mitchell@stonewallmasonry.com,(866) 757-4201,563.680.7760,Purchasing Manager,StoneWall Masonry,stonewallmasonry.com,Construction,FL,Evangelist,Website,2019-05-03,2025-06-30,N/A,,https://linkedin.com/in/sandra-mitchell-941,,Rep A
SF-1312,Susan,Cox,susan.cox@titanconcrete.com,(587) 796-1534,(353) 590-2285,owner,Titan Concrete Supply,titanconcrete.com,Construction,NY,MQL,webform,2024-08-24,2025-08-11,N/A,N/A,,,
SF-1184,George,Lee,george.lee@atlaslogistics.com,(278) 726-4175,(387) 983-2548,Sales Representative,Atlas Logistics Group,atlaslogistics.com,Tech,MN,Evangelist,website,2022-05-18,2024-10-04,N/A,1200,https://linkedin.com/in/george-lee-943,,Rep D
SF-1684,Timothy,Cook,timothy.cook@atlaslogistics.com,(532) 294-2063,5435929763,Plant Manager,Atlas Logistics Group,,Tech,MN,MQL,Inbound,2024-02-04,2024-02-24,$10M,10-50,,,Rep A
SF-1416,Kathleen,Parker,kathleen.parker@quantumdatasys.com,(690) 361-3761,+17136434206,Facility Manager,Quantum Data Systems,quantumdatasys.com,Technology,MN,Evangelist,Event,2019-07-25,2024-09-13,,450,,,Rep B
SF-1043,Kimberly,Edwards,kimberly.edwards@clearwatertreat.com,(624) 254-7495,(426) 201 6493,plant manager,clearwater treatment,clearwatertreat.com,construction,,Customer,cold call,2024-12-01,2025-03-09,,,,,Rep D
SF-1227,Heather,Rodriguez,heather.rodriguez@metrodistribution.com,(779) 543-5909,754.328.4772,hr manager,Metro Distribution Inc,metrodistribution.com,IT,IN,Opportunity,Trade Show,2023-06-28,2024-07-07,$1M-$5M,50-200,,,
SF-1621,Ryan,Martinez,ryan.martinez@bluelineelectrical.com,4262549334,,cfo,BLUELINE ELECTRICAL,bluelineelectrical.com,CONSTRUCTION,Washington,Customer,TRADESHOW,2020-03-06,2024-11-02,,1200,https://linkedin.com/in/ryan-martinez-596,Referred by existing customer,
SF-1232,Brenda,Watson,brenda.watson@evergreenrecycling.com,4952928778,,Project Engineer,EverGreen Recycling,evergreenrecycling.com,Waste Management,NV,Opportunity,Cold Call,2020-03-29,2024-05-12,50M,150,https://linkedin.com/in/brenda-watson-986,,Rep D
SF-1370,Robert,Anderson,robert.anderson@greenfieldfarms.com,(912) 277-4254,+19723693388,Head of Procurement,Greenfield Farms LLC,greenfieldfarms.com,Agriculture,AZ,MQL,Partner,2019-06-17,2024-09-08,Unknown,10-50,,Not interested right now,Rep B
SF-1137,Donald,Lopez,donald.lopez@deltafab.com,(538) 282-3393,000-000-0000,Marketing Mgr,delta fabrication co,deltafab.com,MANUFACTURING,Oregon,Opportunity,Outbound,2022-07-02,2024-11-26,,N/A,https://linkedin.com/in/donald-lopez-633,,Rep C
SF-1321,Amy,Gomez,amy.gomez@peakviewanalytics.com,(982) 186 2253,624.861.1383,Plant Manager,PeakView Analytics,,N/A,Florida,SQL,Outbound,2020-01-17,2020-02-15,$10M,,,Needs predictive maintenance solution,Rep D
SF-1124,Katherine,Rogers,katherine.rogers@corepointeng.com,+19806167877,000-000-0000,Sales Mgr,CorePoint Engineering Inc.,,N/A,WA,Opportunity,website,2021-08-10,2024-03-26,,150,,,
SF-1025,Barbara,Stewart,barbara.stewart@hightidemarine.com,(878) 610-1601,773.990.9889,C.T.O.,HighTide Marine,,Marine,TN,SQL,webform,2024-08-03,2024-10-23,$1M-$5M,,https://linkedin.com/in/barbara-stewart-394,,
SF-1345,Paul,Gonzalez,paul.gonzalez@metrodistribution.com,(905) 655-6417,(916) 464-5510,Mktg Manager,Metro Distribution Inc,metrodistribution.com,Logistics,MN,Lead,website,2020-07-27,2024-05-31,$1M-$5M,,,,Rep B
SF-1282,Heather,Lewis,heatherlewis@gmail.com,443.274.8045,(602) 252-8030,Staff Accountant,Clearwater Treatment,clearwatertreat.com,Warehousing & Logistics,IL,SQL,Event,2020-10-10,2025-03-23,,200-500,https://linkedin.com/in/heather-lewis-746,,Rep C
SF-1495,Barbara,Ross,barbara.ross@vanguardconstruction.com,(716) 354-8591,(601) 792-8817,Maintenance Mgr,Vanguard Construction,vanguardconstruction.com,Construction,TX,SQL,Website,2022-12-23,2024-08-22,$100M+,50-200,https://linkedin.com/in/barbara-ross-533,,
SF-1316,Shirley,Harris,shirley.harris@acmemanufacturing.com,(329) 664-5832,(933) 923-2965,Head of Procurement,Acme Manufacturing,acmemanufacturing.com,Manufacturing,OR,Opportunity,Partner,2021-12-13,2024-03-29,$100M+,50-200,https://linkedin.com/in/shirley-harris-922,,Rep C
SF-1418,Elizabeth,Rodriguez,elizabeth.rodriguez@proflowsupply.com,(356) 746-4060,+1 (238) 271-1792,hr manager,ProFlow Plumbing Supply,proflowsupply.com,-,,Customer,website,2022-02-17,2025-04-18,,,,,Rep A
SF-1374,Charles,Foster,charles.foster@goldstarpackaging.com,(993) 272-2042,000-000-0000,director operations,GoldStar Packaging,goldstarpackaging.com,Packaging,WI,Evangelist,TRADESHOW,2023-05-06,2025-02-21,50M,,,,Rep C
SF-1138,Michael,Bennett,michael.bennett@titanconcrete.com,(605) 448-1146,(795) 907-8786,VP of Sales,Titan Concrete Supply,,Construction,MN,MQL,Inbound,2020-01-02,2024-09-11,,,https://linkedin.com/in/michael-bennett-877,Met at trade show 2024,
SF-1399,Mark,Rogers,mark.rogers@cryobuild.com,(937) 535-8501,(816) 971-3707,Director of IT,CRYOBUILD SYSTEMS,cryobuild.com,Oil & Gas,IN,Lead,webform,2019-07-24,2024-01-12,$1M-$5M,150,https://linkedin.com/in/mark-rogers-263,,Rep D
SF-1412,Jessica,Carter,jessica.carter@northstardrilling.com,(797) 483-9374,(403) 472-1835,maintenance manager,NorthStar Drilling,,Oil & Gas,NV,Evangelist,Partner,2020-03-18,2025-05-02,1000000,,,,Rep A
SF-1320,,Brooks,brian.brooks@precisionmetals.com,,(766) 264-1806,Chief Technology Officer,Precision  Metals  Inc,precisionmetals.com,,Tennessee,Evangelist,Trade Show,2022-04-03,2024-06-14,1000000,1200,https://linkedin.com/in/brian-brooks-113,,Rep A
SF-1456,,Morgan,angelamorgan@gmail_com,(961) 247-9508,(319) 964-3110,VP of Sales,HarborView Properties,,Real Estate,NV,Lead,Website,2021-03-18,2024-02-26,$50M-$100M,150,https://linkedin.com/in/angela-morgan-190,,Rep D
SF-1000,Samuel,Anderson,samuel.anderson@cryobuild.com,(804) 632-1520,(833) 765 9928,Founder & CEO,CryoBuild Systems,cryobuild.com,Industrial Equipment,NV,SQL,LinkedIn,2020-09-28,2020-10-26,1000000,,,,Rep A
SF-1613,Brian,Clark,brian.clark@northstardrilling.com,(516) 787 1494,+18963405255,C.F.O.,NorthStar Drilling,northstardrilling.com,Oil & Gas,AZ,Customer,,2024-01-15,2025-03-15,$1M-$5M,Unknown,https://linkedin.com/in/brian-clark-429,,
SF-1682,Deborah,Campbell,deborah.campbell@trailblazertrans.com,(852) 758 7248,,Director of Operations,TrailBlazer Transport,trailblazertrans.com,Transportation,AZ,Lead,cold call,2021-05-03,2024-10-04,Unknown,,https://linkedin.com/in/deborah-campbell-592,,
SF-1327,Sandra,Bailey,sandra.bailey@powergridutil.com,+12707485550,(645) 867-6704,Head of Procurement,PowerGrid Utilities,,healthcare,Ohio,Evangelist,Inbound,2023-10-04,2024-08-06,$50M-$100M,200-500,https://linkedin.com/in/sandra-bailey-110,,
SF-1680,Samantha,Torres,samantha.torres@proflowsupply.com,705.929.3054,(989) 229-3483,Dir Marketing,ProFlow Plumbing Supply,proflowsupply.com,manufacturing,NV,Evangelist,webform,2023-04-24,2025-12-25,$5M-$10M,500-1000,,,Rep D
SF-1270,Jason,Young,jason.young@titanconcrete.com,(634) 580-1886,(878) 795-2208,cfo,Titan Concrete Supply,titanconcrete.com,Construction,IN,Customer,,2020-10-09,2020-10-13,,,,,Rep B
SF-1576,James,Patel,james.patel@westsideautoparts.com,,(528) 767-6320,SALES MANAGER,westside auto parts,,TECHNOLOGY,Ohio,Evangelist,,2022-07-04,2024-04-13,$10M,25,https://linkedin.com/in/james-patel-559,,Rep A
SF-1131,Matthew,Peterson,matthew.peterson@corepointeng.com,685.234.4744,(590) 400-3389,Sales Rep,CorePoint Engineering,,Finance,,Evangelist,Event,2024-12-27,2026-01-07,,1000+,https://linkedin.com/in/matthew-peterson-681,,Rep B
SF-1179,Helen,Williams,helen.williams@falconaerospace.com,(221) 498-4097,+1 (597) 707-9686,Marketing Mgr,Falcon Aerospace,,Aerospace,OR,SQL,webform,2020-06-24,2024-11-09,,,,,Rep C
SF-1667,,Garcia,lisa.garcia@metrodistribution.com,(484) 964-2133,,Plant Manager,Metro Distribution Inc,metrodistribution.com,Logistics,IL,Customer,LinkedIn,2020-03-24,2024-08-02,,,,,Rep D
SF-1010,Pamela,Peterson,N/A,(562) 998-7658,(967) 358-4878,"Director, Operations",Delta Fabrication Co,deltafab.com,Manufacturing,OH,MQL,Outbound,2019-04-12,2024-07-02,1000000,150,https://linkedin.com/in/pamela-peterson-984,Not interested right now,Rep A
SF-1066,Jonathan,Jones,jonathan.jones@summitenergy.com,8242541149,925.283.2753,Staff Accountant,Summit Energy Solutions,summitenergy.com,Energy,PA,Customer,Event,2021-10-30,2024-12-28,,25,https://linkedin.com/in/jonathan-jones-570,,Rep A
SF-1620,James,Morgan,james@cryobuild.com,(292) 365-1942,+1 (302) 177-8882,Plant Manager,CryoBuild Systems,,Construction,,Opportunity,Cold Call,2022-01-03,2025-10-18,,,,,Rep D
SF-1515,Michael,Price,michael.price@corepointeng.com,5979531743,(250) 264-7542,Chief Exec Officer,CorePoint Engineering,corepointeng.com,Engineering,GA,Evangelist,Inbound,2023-08-07,2024-10-08,50M,,https://linkedin.com/in/michael-price-385,Referred by existing customer,
SF-1688,Rebecca,Smith,rebecca.smith@novatechsolutions.com,(797) 565-5055,000-000-0000,Maintenance Mgr,NovaTech Solutions,novatechsolutions.com,Warehousing & Logistics,New York,Opportunity,Inbound,2022-09-23,2025-07-30,$100M+,150,https://linkedin.com/in/rebecca-smith-478,Decision maker,Rep D
SF-1542,Amanda,Hall,amanda.hall@deltafab.com,(846) 696-5032,(340) 251 3768,V.P. Sales,Delta Fabrication Co,deltafab.com,Manufacturing,CA,SQL,Inbound,2024-04-24,2025-12-08,$50M-$100M,500-1000,,,Rep A
SF-1348,Dorothy,Bennett,dorothy.bennett@precisionmetals.com,(959) 750-2301,(257) 657-9567,"Mgr, Sales",Precision Metals Inc,,Warehousing & Logistics,Georgia,Evangelist,,2021-09-30,2024-08-21,50M,,https://linkedin.com/in/dorothy-bennett-372,,Rep A
SF-1664,Betty,Edwards,betty.edwards@mountaintoptelecom.com,N/A,(738) 375 7337,Purchasing Manager,MountainTop Telecom,,Telecom,PA,Opportunity,website,2020-05-03,2020-05-10,$1M-$5M,200-500,,,Rep C
SF-1528,Carol,Long,carol.long@brightpathedu.com,(633) 519-3744,N/A,CTO,BrightPath Education,brightpathedu.com,Education,OR,Opportunity,Website,2020-05-31,2024-01-02,$5M-$10M,,,,Rep B
SF-1209,Brandon,Alvarez,brandon.alvarez@riverbendpaper.com,(365) 836-4394,203.912.7815,Senior Accountant,RiverBend Paper Mill,,manufacturing,Missouri,SQL,Inbound,2020-10-11,2024-06-27,$10M,,,,Rep B
SF-1357,Melissa,Miller,melissa.miller@quantumdatasys.com,(792) 941-9462,+1 (918) 619-6895,CEO,Quantum Data Systems,quantumdatasys.com,Technology,NC,Customer,Referral,2024-02-15,2024-01-17,,150,https://linkedin.com/in/melissa-miller-202,,Rep D
SF-1660,Thomas,Roberts,thomas.roberts@atlaslogistics.com,(318) 789 3535,+1 (847) 589-1463,Sales Mgr,Atlas Logistics Group,atlaslogistics.com,Logistics,CA,MQL,Event,2023-01-20,2024-02-23,,25,https://linkedin.com/in/thomas-roberts-273,,Rep A
SF-1214,Daniel,Parker,daniel.parker@atlaslogistics.com,+11231289846,640.725.3406,CFO,Atlas Logistics Group,atlaslogistics.com,FINANCE,MO,Evangelist,Outbound,2021-04-05,2024-11-04,,150,https://linkedin.com/in/daniel-parker-857,Needs predictive maintenance solution,Rep A
SF-1607,Michael,Castillo,michael.castillo@clearwatertreat.com,(209) 843-2973,5484484661,hr manager,Clearwater Treatment,clearwatertreat.com,Financial Services,Indiana,Lead,cold call,2021-07-17,2025-04-24,,150,,Interested in automation,Rep B
SF-1508,,Sanders,N/A,(864) 431-8365,3413432690,C.T.O.,EverGreen Recycling,,Waste Management,WI,Customer,Trade Show,2020-11-18,2024-05-29,,10-50,,,
SF-1360,Cynthia,Jones,,(428) 294-7879,(315) 687-8609,Business Owner,Delta Fabrication Co,deltafab.com,Manufacturing,NV,Customer,Partner,2020-07-04,2025-09-09,$1M-$5M,450,https://linkedin.com/in/cynthia-jones-363,,
SF-1584,Sarah,Hill,sarah.hill@titanconcrete.com,(611) 343-8206,,IT Dir,Titan Concrete Supply,titanconcrete.com,Construction,NV,Lead,Inbound,2022-04-10,2022-06-07,$5M-$10M,150,https://linkedin.com/in/sarah-hill-345,,Rep A
SF-1021,Michelle,Thomas,michelle.thomas@goldstarpackaging.com,(737) 811-5636,(398) 503-4727,Marketing Mgr,GoldStar Packaging,goldstarpackaging.com,Packaging,WA,MQL,LinkedIn,2019-02-27,2025-12-26,$100M+,,,,Rep D
SF-1555,Samantha,James,samantha.james@peakviewanalytics.com,(259) 358-4741,(934) 672 5592,COO,PeakView Analytics,,Technology,PA,MQL,Cold Call,2024-11-01,2024-06-05,$50M-$100M,,,,Rep B
SF-1365,Emma,Rodriguez,emma.rodriguez@atlaslogistics.com,243.511.3022,N/A,Chief Technology Officer,Atlas Logistics Group,atlaslogistics.com,Logistics,FL,Customer,cold call,2024-02-05,2024-06-06,,N/A,,,Rep C
SF-1592,Melissa,Reed,,+1 (660) 927-2120,(665) 462-6019,Staff Engineer,Precision Metals Inc,,Manufacturing,GA,Opportunity,Website,2020-08-15,2020-09-13,$100M+,200-500,,,Rep C
SF-1525,Tyler,Hughes,tyler.hughes@westsideautoparts.com,(495) 514-7143,(221) 202-7432,Chief Financial Officer,Westside Auto Parts,westsideautoparts.com,Automotive,IN,Opportunity,Outbound,2020-10-05,2024-12-08,,,https://linkedin.com/in/tyler-hughes-948,,Rep C
SF-1435,Heather,Brooks,heather@safeguardenv.com,(340) 912-5231,(356) 487-6569,Director of Operations,SafeGuard Environmental LLC,,healthcare,NV,Opportunity,Website,2019-04-18,2024-10-18,,200-500,https://linkedin.com/in/heather-brooks-717,,Rep C
SF-1013,Eric,Phillips,eric.phillips@goldstarpackaging.com,(239) 311-8119,360.145.8144,Maintenance Mgr,GoldStar Packaging,goldstarpackaging.com,IT,WA,Evangelist,,2020-06-30,2026-01-07,$10M,150,,Needs predictive maintenance solution,Rep D
SF-1319,Kevin,Young,kevin.young@trailblazertrans.com,(992) 695-9014,(903) 440-1474,C.E.O.,TrailBlazer Transport,trailblazertrans.com,energy,Michigan,Opportunity,Website,2022-08-16,2024-09-24,5000000,450,,,Rep B
SF-1656,Pamela,Miller,pamela.miller@safeguardenv.com,(744) 607-8122,(507) 935-7629,SALES MANAGER,SafeGuard Environmental,safeguardenv.com,Environmental,WI,MQL,Outbound,2022-09-14,2025-02-01,$10M,,https://linkedin.com/in/pamela-miller-830,Budget approved for Q2,Rep D
SF-1548,Shirley,Richardson,srichardson@oakbridgefin.com,+14162921505,(560) 224-6719,C.O.O.,OakBridge Financial,oakbridgefin.com,Finance,IN,Opportunity,LinkedIn,2022-03-04,2025-07-30,$100M+,N/A,,,Rep C
SF-1068,Debra,Castillo,debra.castillo@vanguardconstruction.com,(987) 828-7499,(534) 230-5478,Staff Accountant,Vanguard Construction,vanguardconstruction.com,Construction,OR,Opportunity,Trade Show,2022-12-28,2023-03-09,5000000,,https://linkedin.com/in/debra-castillo-489,,Rep A
SF-1450,Samantha,Thompson,samantha.thompson@northstardrilling.com,(741) 863-2051,000-000-0000,Business Owner,NorthStar Drilling,northstardrilling.com,Oil & Gas,MI,MQL,Website,2021-09-21,2025-03-05,$10M-$50M,N/A,https://linkedin.com/in/samantha-thompson-541,,Rep A
SF-1665,George,Green,george.green@quantumdatasys.com,(567) 705-6768,(107) 153 7331,Dir Marketing,Quantum Data Systems,quantumdatasys.com,Technology,MI,Evangelist,Website,2023-01-03,2024-03-14,1000000,,,,Rep A
SF-1644,Karen,Long,karen.long@falconaerospace.com,N/A,(693) 876-6173,purchasing manager,Falcon Aerospace,,Aerospace,CO,Lead,Website,2019-09-25,2025-05-23,$50M-$100M,50-200,,Met at trade show 2024,
SF-1233,Chris,Cox,N/A,(608) 819-5044,000-000-0000,HR Mgr,BrightPath Education,brightpathedu.com,Education,MN,MQL,Outbound,2021-10-17,2024-07-02,N/A,150,https://linkedin.com/in/chris-cox-287,Interested in automation,Rep B
SF-1625,Jennifer,Moore,jennifer.moore@harborviewprop.com,(398) 389-2093,,IT Director,HARBORVIEW PROPERTIES,,LOGISTICS,,Lead,webform,2021-06-29,2025-01-26,N/A,,https://linkedin.com/in/jennifer-moore-641,,Rep D
SF-1538,Melissa,Rodriguez,melissa.rodriguez@trailblazertrans.com,(208) 786-6440,(833) 513-9323,Dir IT,TrailBlazer Transport,trailblazertrans.com,Medical,,SQL,website,2023-03-01,2023-05-14,$100M+,200-500,,Met at trade show 2024,Rep B
SF-1375,Nicholas,Lopez,nicholas.lopez@novatechsolutions.com,3631201997,(781) 776-7141,"Mgr, Sales",NovaTech Solutions Inc.,novatechsolutions.com,automotive,,Lead,,2020-09-25,2025-09-06,$10M-$50M,N/A,https://linkedin.com/in/nicholas-lopez-890,,Rep A
SF-1074,Joseph,White,joseph.white@primecaremed.com,(750) 910-3838,(701) 495-3298,cfo,PrimeCare Medical Supply,primecaremed.com,Healthcare,OH,SQL,,2024-01-22,2025-09-26,,10-50,,,Rep D
SF-1151,Barbara,Castillo,barbara.castillo@clearwatertreat.com,(383) 664-4308,(292) 456-6309,cfo,Clearwater Treatment,clearwatertreat.com,General Contracting,,Evangelist,Inbound,2019-12-16,2025-06-20,N/A,1200,https://linkedin.com/in/barbara-castillo-263,,Rep C
SF-1258,Steven,Patel,steven@mountaintoptelecom.com,(726) 561-1834,4882747115,Chief Technology Officer,MountainTop Telecom,mountaintoptelecom.com,Telecom,WI,Opportunity,Trade Show,2022-06-02,2025-10-20,$1M-$5M,,https://linkedin.com/in/steven-patel-158,,Rep C
SF-1611,Jessica,Green,jessica.green@oakbridgefin.com,,,Chief Executive Officer,OakBridge  Financial,oakbridgefin.com,logistics,NC,Lead,Website,2024-03-01,2024-07-27,,50-200,,,Rep B
SF-1187,Matthew,Rivera,matthew.rivera@sterlingchemical.com,(707) 980-6918,(770) 939-1665,IT Director,Sterling Chemical Co,sterlingchemical.com,Chemical,NY,SQL,Partner,2020-04-18,2025-01-29,,1000+,https://linkedin.com/in/matthew-rivera-961,,Rep D
SF-1106,Carol,Walker,carol.walker@acmemanufacturing.com,(276) 940-2659,(859) 436-8483,Mktg Manager,ACME MANUFACTURING,acmemanufacturing.com,Mfg,Michigan,SQL,Inbound,2022-07-04,2022-08-28,$5M-$10M,10-50,,,Rep D
SF-1479,Jack,Wilson,jack.wilson@powergridutil.com,957.129.6338,(375) 303-7997,Founder & CEO,powergrid utilities,powergridutil.com,TECHNOLOGY,AZ,MQL,Cold Call,2022-08-24,2025-10-30,$50M-$100M,1200,,,Rep D
SF-1663,Richard,Lee,richard.lee@northstardrilling.com,(104) 816 2199,(805) 743-5983,SALES MANAGER,NorthStar Drilling,,Oil & Gas,IN,SQL,Cold Call,2020-10-23,2024-12-15,50M,N/A,,,Rep B
SF-1519,Katherine,Ward,katherine.ward@powergridutil.com,(945) 568-8173,000-000-0000,Procurement Manager,PowerGrid Utilities LLC,powergridutil.com,Other,Oregon,Customer,Event,2021-03-10,2025-07-14,,,https://linkedin.com/in/katherine-ward-491,,Rep C
SF-1324,Chris,Gutierrez,chris.gutierrez@pacificsteelworks.com,(737) 698-3291,(760) 628-7543,Ops Director,Pacific Steel Works,pacificsteelworks.com,finance,California,Evangelist,TRADESHOW,2022-01-15,2025-06-19,,,https://linkedin.com/in/chris-gutierrez-244,,Rep C
SF-1174,Jerry,Collins,jerry_collins@precisionmetals_com,+1 (188) 521-9548,(404) 584-4615,CTO,Precision Metals Inc Inc.,,finance,NY,MQL,Outbound,2023-04-10,2024-05-19,$50M-$100M,1000+,,,Rep B
SF-1054,Justin,Hughes,justin.hughes@pacificsteelworks.com,(682) 953-2020,(731) 412-6325,Staff Accountant,Pacific Steel Works,pacificsteelworks.com,Warehousing & Logistics,IN,Customer,Inbound,2025-02-15,2024-12-28,N/A,N/A,,,Rep C
SF-1189,Ashley,Morales,ashley.morales@peakviewanalytics.com,+1 (306) 400-9157,6554519856,Director of Operations,PeakView Analytics,peakviewanalytics.com,TECHNOLOGY,OH,MQL,Partner,2023-10-31,2023-11-18,,50-200,https://linkedin.com/in/ashley-morales-602,Decision maker,
SF-1015,Catherine,Foster,N/A,(324) 667-3184,(883) 743-6198,President,ProFlow Plumbing Supply,proflowsupply.com,Wholesale,OR,Customer,,2024-08-29,2025-03-12,$10M,200-500,https://linkedin.com/in/catherine-foster-586,,Rep C
SF-1603,Dorothy,Johnson,dorothy.johnson@precisionmetals.com,(349) 328-4855,000-000-0000,Head of Procurement,Precision Metals Inc,precisionmetals.com,Manufacturing,NC,Customer,cold call,2022-12-30,2024-06-16,,10-50,https://linkedin.com/in/dorothy-johnson-775,,Rep A
SF-1534,Ronald,Robinson,ronald.robinson@powergridutil.com,(493) 997-5173,000-000-0000,Sr Engineer,PowerGrid Utilities,powergridutil.com,Utilities,OH,Opportunity,Trade Show,2020-06-14,2024-06-21,5000000,50-200,,Budget approved for Q2,Rep B
SF-1291,Nancy,Morales,nancy.morales@proflowsupply.com,(664) 871-3523,(308) 333-4584,Founder,ProFlow Plumbing Supply,proflowsupply.com,FINANCE,Washington,Customer,Trade Show,2023-06-28,2024-07-11,,Unknown,,Decision maker,Rep A
SF-1259,Steven,Patel,steven@mountaintoptelecom_com,+1 (257) 520-3029,4882747115,C.T.O.,MountainTop Telecom Inc.,mountaintoptelecom.com,Telecom,WI,Opportunity,Trade Show,2022-06-28,2025-10-20,$1M-$5M,,https://linkedin.com/in/steven-patel-158,,Rep C
SF-1306,Heather,Robinson,heather_robinson@cryobuild_com,N/A,000-000-0000,coo,CryoBuild Systems Inc.,cryobuild.com,Industrial Equipment,TX,MQL,Trade Show,2020-02-27,2025-08-25,,1200,https://linkedin.com/in/heather-robinson-921,,Rep A
SF-1520,,Moore,edward.moore@goldstarpackaging.com,(659) 834-6497,+13106783994,HR Mgr,GoldStar Packaging,goldstarpackaging.com,manufacturing,TX,Customer,Referral,2021-08-14,2024-04-12,$5M-$10M,1200,https://linkedin.com/in/edward-moore-197,Decision maker,Rep C
SF-1218,Rachel,Brown,rachel.brown@brightpathedu.com,119.223.9713,000-000-0000,Founder & CEO,BrightPath Education,brightpathedu.com,Education,OH,Opportunity,Website,2024-12-02,2024-11-20,$5M-$10M,,,,Rep A
SF-1183,Jessica,Wood,jessica@falconaerospace.com,(268) 813-6927,(779) 646-5225,Plant Manager,Falcon Aerospace,falconaerospace.com,Aerospace,IN,Evangelist,,2020-05-04,2025-01-17,,,,,Rep B
SF-1269,Jason,Peterson,jason.peterson@peakviewanalytics.com,(791) 995-4593,(440) 570-1046,plant manager,PeakView Analytics,,Technology,PA,Lead,Inbound,2024-04-25,2024-05-16,$1M-$5M,25,https://linkedin.com/in/jason-peterson-987,Follow up Q1,
SF-1385,Anthony,Myers,anthony.myers@deltafab.com,(546) 920-3870,+12552677802,IT Dir,Delta Fabrication Co,deltafab.com,Manufacturing,IL,Opportunity,Referral,2019-06-11,2019-06-29,50M,200-500,https://linkedin.com/in/anthony-myers-700,Sent proposal 11/2024,Rep B
SF-1141,,Gonzalez,josephgonzalez@gmail_com,000-000-0000,(413) 871-9051,CTO,MountainTop Telecom,,Telecom,NY,Opportunity,website,2019-10-13,2025-01-04,5000000,N/A,,Needs predictive maintenance solution,Rep C
SF-1638,Christine,Williams,christine@westsideautoparts.com,(783) 662-9165,000-000-0000,owner,Westside Auto Parts,westsideautoparts.com,Automotive,MI,Customer,Referral,2020-06-13,2025-01-16,,Unknown,https://linkedin.com/in/christine-williams-238,Budget approved for Q2,Rep B
SF-1469,Ashley,Cook,ashley.cook@falconaerospace.com,(490) 555-8403,(719) 668-1586,owner,Falcon Aerospace,falconaerospace.com,Aerospace,OR,Lead,Inbound,2021-01-03,2024-08-28,5000000,450,,Decision maker,Rep D
SF-1670,Andrew,Wilson,andrew.wilson@brightpathedu.com,(761) 585-5586,297.816.1040,cto,BrightPath Education,brightpathedu.com,Education,NY,SQL,Referral,2024-12-09,2026-02-21,,200-500,,,Rep C
SF-1533,Chris,Kim,chris.kim@vanguardconstruction.com,(241) 362-9698,734.496.7420,Manager - Sales,Vanguard Construction,vanguardconstruction.com,Construction,FL,Opportunity,Partner,2019-02-27,2025-05-28,,25,https://linkedin.com/in/chris-kim-527,Left voicemail,Rep A
SF-1249,Margaret,King,margaret.king@pacificsteelworks.com,,1096518546,COO,Pacific Steel Works,pacificsteelworks.com,AUTOMOTIVE,Minnesota,Lead,LinkedIn,2024-06-16,2025-10-08,50M,,https://linkedin.com/in/margaret-king-160,Sent proposal 11/2024,Rep B
SF-1477,Samuel,Brooks,samuel.brooks@trailblazertrans.com,(592) 595-9038,(836) 399 7771,Buyer,TrailBlazer Transport,trailblazertrans.com,Transportation,WA,SQL,Trade Show,2019-10-13,2019-12-20,,N/A,https://linkedin.com/in/samuel-brooks-935,,Rep B
SF-1186,Scott,Davis,scott.davis@oakbridgefin.com,(410) 801-4277,+12499665544,VP Sales,OakBridge Financial Inc.,oakbridgefin.com,Auto,FL,MQL,website,2025-01-09,2025-01-10,$5M-$10M,1200,https://linkedin.com/in/scott-davis-586,,Rep A
SF-1071,Stephanie,Gray,stephanie.gray@peakviewanalytics.com,+16476187853,(873) 880-6816,cfo,PeakView Analytics,peakviewanalytics.com,Medical,,SQL,website,2023-10-30,2024-04-18,,,https://linkedin.com/in/stephanie-gray-631,,Rep C
SF-1001,Jack,Collins,jack.collins@goldstarpackaging.com,(396) 921-2139,384.564.6977,Head of Procurement,GoldStar Packaging,goldstarpackaging.com,Construction,NC,MQL,Event,2021-09-29,2021-10-20,$100M+,Unknown,https://linkedin.com/in/jack-collins-324,,Rep A
SF-1333,Alexander,Wilson,alexander.wilson@hightidemarine.com,000-000-0000,000-000-0000,Dir IT,HighTide Marine,hightidemarine.com,Marine,NV,SQL,webform,2023-06-30,2025-08-30,,1000+,https://linkedin.com/in/alexander-wilson-814,Not interested right now,Rep B
SF-1483,Matthew,Walker,matthew@goldstarpackaging.com,1497483472,(858) 791-3743,director operations,GoldStar Packaging,goldstarpackaging.com,construction,WI,Opportunity,LinkedIn,2024-10-03,2024-07-16,,10-50,https://linkedin.com/in/matthew-walker-581,,
SF-1254,Jennifer,Gutierrez,jennifer.gutierrez@falconaerospace.com,(820) 751-9365,(245) 406 4526,IT Dir,Falcon Aerospace,falconaerospace.com,Aerospace,MN,Opportunity,Referral,2021-11-10,2024-09-23,$10M-$50M,50-200,https://linkedin.com/in/jennifer-gutierrez-792,,Rep A
SF-1089,Maria,Howard,maria.howard@bluelineelectrical.com,(789) 597-6813,(377) 380-4875,Maintenance Manager,BlueLine Electrical,bluelineelectrical.com,Electrical,WI,SQL,website,2023-01-09,2025-08-28,,,https://linkedin.com/in/maria-howard-676,,Rep C
SF-1575,Jeff,Morris,jeff.morris@apexindustrial.com,(420) 850-5831,000-000-0000,CTO,Apex Industrial Services,apexindustrial.com,ENERGY,Arizona,SQL,Website,2024-06-26,2024-03-24,$100M+,25,,,Rep A
SF-1610,Maria,King,maria.king@ironcladsecurity.com,2403959877,881.926.7359,Chief Exec Officer,IRONCLAD SECURITY SYSTEMS,ironcladsecurity.com,IT,GA,Lead,Website,2022-08-27,2024-01-18,$100M+,150,,Referred by existing customer,Rep D
SF-1172,Lisa,Lopez,lisa.lopez@stonewallmasonry.com,726.190.5934,+19838799842,Mktg Manager,StoneWall Masonry,stonewallmasonry.com,Construction,IL,Evangelist,,2024-04-27,2025-05-24,,10-50,,,
SF-1176,Justin,Myers,justin.myers@stonewallmasonry.com,(675) 920-1022,(272) 594-6454,Project Engineer,StoneWall Masonry,stonewallmasonry.com,finance,Tennessee,Evangelist,webform,2025-01-30,2025-08-12,Unknown,,https://linkedin.com/in/justin-myers-853,Needs predictive maintenance solution,Rep A
SF-1129,Melissa,Brooks,melissa.brooks@bluelineelectrical.com,(469) 454-5706,+1 (287) 864-4115,sales rep,BlueLine Electrical,,Electrical,PA,MQL,cold call,2021-09-18,2024-09-28,,,,Follow up Q1,Rep A
SF-1662,Angela,Ramirez,angela.ramirez@stonewallmasonry.com,(718) 637-1563,(835) 522-6137,Maintenance Manager,StoneWall Masonry,stonewallmasonry.com,Construction,CA,SQL,webform,2021-04-30,2024-05-26,5000000,,,Looking for CRM cleanup,Rep B
SF-1208,John,Morales,john.morales@powergridutil.com,(632) 790-6174,(474) 863-7834,Mktg Manager,PowerGrid Utilities,powergridutil.com,Utilities,IN,Lead,Partner,2022-11-21,2025-04-04,$1M-$5M,,https://linkedin.com/in/john-morales-580,,Rep C
SF-1522,Amanda,Wood,amanda.wood@stonewallmasonry.com,(704) 302-8257,(332) 674-1811,Ops Director,StoneWall Masonry,stonewallmasonry.com,healthcare,WA,MQL,TRADESHOW,2019-09-27,2024-02-19,,Unknown,https://linkedin.com/in/amanda-wood-411,Met at trade show 2024,Rep A
SF-1198,Michelle,Edwards,michelleedwards@gmail.com,(602) 586-4677,+11915734248,Dir IT,OakBridge Financial,,Finance,WA,MQL,webform,2020-04-25,2024-01-15,5000000,450,https://linkedin.com/in/michelle-edwards-606,,Rep C
SF-1094,Katherine,Watson,katherine.watson@evergreenrecycling.com,+1 (490) 478-4056,000-000-0000,Purchasing Manager,EverGreen Recycling,evergreenrecycling.com,Waste Management,WI,MQL,Event,2019-09-07,2025-01-31,5000000,Unknown,https://linkedin.com/in/katherine-watson-586,,Rep D
SF-1221,Larry,Edwards,larryedwards@gmail.com,N/A,+1 (798) 450-5282,Procurement Manager,Precision Metals Inc,precisionmetals.com,Tech,North Carolina,Opportunity,webform,2022-09-07,2024-01-17,$10M-$50M,10-50,https://linkedin.com/in/larry-edwards-104,Decision maker,Rep D
SF-1305,Heather,Robinson,heather.robinson@cryobuild.com,(765) 693-1854,000-000-0000,coo,CryoBuild Systems,cryobuild.com,Industrial Equipment,TX,MQL,Trade Show,2020-01-12,2025-08-25,,1200,https://linkedin.com/in/heather-robinson-921,,Rep A
SF-1511,Carol,Williams,,(602) 579-5900,(925) 292-4683,Senior Accountant,Precision Metals Inc,,Manufacturing,MI,Lead,website,2024-01-05,2025-07-08,,,,Met at trade show 2024,
SF-1540,Timothy,Sanders,timothy.sanders@northstardrilling.com,2805439281,(620) 549-3418,Director of IT,NorthStar Drilling,northstardrilling.com,Oil & Gas,GA,Opportunity,Partner,2024-01-30,2024-05-15,5000000,150,,,Rep A
SF-1169,Linda,King,lindaking@gmail_com,+1 (209) 745-6886,+1 (627) 824-9039,coo,CorePoint Engineering,corepointeng.com,Construction,NV,Lead,Outbound,2024-06-06,2024-05-04,1000000,1000+,,Decision maker,Rep C
SF-1617,James,Cooper,james@bluelineelectrical.com,000-000-0000,000-000-0000,Dir IT,BlueLine Electrical Inc.,bluelineelectrical.com,Electrical,GA,SQL,TRADESHOW,2019-09-01,2024-11-01,,10-50,,,Rep C
SF-1171,Richard,Collins,richard.collins@swiftcargofreight.com,(425) 264-4320,N/A,CEO,SwiftCargo Freight,,healthcare,,Opportunity,Trade Show,2019-06-16,2024-05-16,,,,,Rep A
SF-1470,Andrew,Carter,andrew.carter@summitenergy.com,(754) 353-8151,,People Manager,Summit Energy Solutions,summitenergy.com,Energy,TN,Lead,Outbound,2021-02-01,2025-11-29,$50M-$100M,N/A,,,Rep D
SF-1121,Pamela,Phillips,pamela.phillips@stonewallmasonry.com,(622) 192 7500,879.599.4796,Mktg Manager,StoneWall Masonry,stonewallmasonry.com,healthcare,TX,Opportunity,Website,2019-06-13,2025-10-26,,1200,https://linkedin.com/in/pamela-phillips-380,Budget approved for Q2,Rep D
SF-1369,Gregory,Brown,gregory_brown@titanconcrete_com,,569.815.5311,C.E.O.,Titan Concrete Supply,titanconcrete.com,Construction,MO,Customer,TRADESHOW,2022-09-01,2026-01-28,1000000,200-500,https://linkedin.com/in/gregory-brown-977,,Rep B
SF-1467,,Hall,helen.hall@safeguardenv.com,(658) 307-5340,N/A,Sales Representative,SafeGuard Environmental,safeguardenv.com,Environmental,GA,Opportunity,webform,2025-01-28,2024-10-22,$1M-$5M,200-500,https://linkedin.com/in/helen-hall-138,,Rep B
SF-1145,Anthony,Bailey,anthony.bailey@swiftcargofreight.com,(291) 315-7776,4562956254,maintenance manager,SwiftCargo Freight,swiftcargofreight.com,Logistics,GA,MQL,TRADESHOW,2023-03-12,2024-06-08,$5M-$10M,,,Follow up Q1,Rep A
SF-1178,Joseph,Roberts,joseph_roberts@primecaremed_com,000-000-0000,N/A,sales manager,PrimeCare Medical Supply,,Healthcare,OR,Customer,Inbound,2019-10-30,2024-07-11,50M,,,,Rep B
SF-1455,,Morgan,angelamorgan@gmail.com,(961) 247-9508,(319) 964-3110,Vice President Sales,HarborView Properties,,Real Estate,NV,Lead,Website,2021-03-01,2024-02-26,$50M-$100M,150,https://linkedin.com/in/angela-morgan-190,,Rep D
SF-1459,Barbara,Gutierrez,barbara.gutierrez@falconaerospace.com,000-000-0000,6731567681,Plant Mgr,Falcon Aerospace,,energy,Oregon,Evangelist,Trade Show,2024-10-30,2025-09-13,,,https://linkedin.com/in/barbara-gutierrez-765,,
SF-1328,Kenneth,Nelson,kenneth.nelson@proflowsupply.com,(857) 690-7525,+1 (722) 747-8446,V.P. Sales,ProFlow Plumbing Supply,,Wholesale,OH,Opportunity,cold call,2025-02-12,2024-04-16,,,https://linkedin.com/in/kenneth-nelson-256,Follow up Q1,Rep D
SF-1127,Charles,Stewart,charlesstewart@gmail.com,(610) 828-9536,392.299.1550,sales manager,EverGreen Recycling Inc.,evergreenrecycling.com,Waste Management,MN,MQL,TRADESHOW,2019-06-03,2025-01-03,,,,,Rep D
SF-1086,,Reed,scott.reed@atlaslogistics.com,(953) 534-6211,,Maint Manager,Atlas Logistics Group,atlaslogistics.com,Logistics,PA,Opportunity,LinkedIn,2024-03-12,2024-09-28,$5M-$10M,,https://linkedin.com/in/scott-reed-946,Looking for CRM cleanup,Rep C
SF-1146,Brian,Ruiz,brian.ruiz@pacificsteelworks.com,(761) 694-3315,(884) 218-7170,Chief Operating Officer,pacific steel works,,oil and gas,WI,Evangelist,webform,2022-01-16,2024-02-24,$1M-$5M,,https://linkedin.com/in/brian-ruiz-778,Decision maker,Rep C
SF-1676,Michael,Sanchez,michael.sanchez@powergridutil.com,(796) 854-8174,(661) 832-8313,engineer,PowerGrid Utilities,powergridutil.com,Utilities,MO,Lead,,2020-08-05,2024-08-25,$100M+,Unknown,,,Rep D
SF-1631,,Price,donaldprice@gmail.com,(881) 416-1364,(682) 917-2970,Plant Mgr,Westside Auto Parts,westsideautoparts.com,Automotive,MO,MQL,Cold Call,2021-01-21,2025-03-06,50M,Unknown,,,
SF-1565,Janet,Ruiz,janet.ruiz@ironcladsecurity.com,,(365) 627-3800,Chief Operating Officer,Ironclad Security Systems,ironcladsecurity.com,Security,WI,Customer,Website,2019-09-02,2025-04-06,N/A,450,https://linkedin.com/in/janet-ruiz-349,Follow up Q1,Rep B
SF-1544,Nicholas,Bennett,nicholas.bennett@trailblazertrans.com,(971) 468-3146,(117) 749 2738,maintenance manager,TrailBlazer Transport,trailblazertrans.com,Transportation,OH,MQL,cold call,2022-12-19,2025-02-18,,,https://linkedin.com/in/nicholas-bennett-445,,Rep B
SF-1056,,Ortiz,gregory.ortiz@bluelineelectrical.com,+17689998793,(437) 747-1611,Marketing Manager,BlueLine Electrical,bluelineelectrical.com,Electrical,OH,Opportunity,,2020-12-21,2024-02-07,5000000,200-500,https://linkedin.com/in/gregory-ortiz-993,Met at trade show 2024,Rep A
SF-1314,Debra,Perez,debra.perez@summitenergy.com,(929) 500-2950,N/A,Senior Accountant,Summit Energy Solutions,summitenergy.com,Unknown,IN,Customer,Referral,2020-09-15,2024-01-08,1000000,450,,,Rep A
SF-1431,Heather,Flores,heather.flores@evergreenrecycling.com,(598) 774-6383,(436) 762 5023,Purchasing Manager,EverGreen Recycling,evergreenrecycling.com,Waste Management,MI,Evangelist,LinkedIn,2023-08-30,2024-06-14,$50M-$100M,25,,Budget approved for Q2,Rep A
SF-1659,Raymond,White,raymond.white@corepointeng.com,(867) 344-1765,N/A,Chief Technology Officer,CorePoint Engineering,corepointeng.com,TECHNOLOGY,Michigan,Lead,webform,2024-11-21,2024-06-01,$1M-$5M,450,,,Rep C
SF-1326,Ashley,Bailey,N/A,926.854.8756,(293) 829-3400,Founder & CEO,GoldStar Packaging,goldstarpackaging.com,Packaging,IL,MQL,Partner,2019-01-02,2024-11-27,,200-500,https://linkedin.com/in/ashley-bailey-550,,Rep A
SF-1463,Linda,Alvarez,linda.alvarez@quantumdatasys.com,(768) 294-9062,(685) 593-1781,Staff Accountant,Quantum Data Systems,quantumdatasys.com,Technology,OH,Customer,cold call,2019-10-01,2026-02-26,$1M-$5M,1200,https://linkedin.com/in/linda-alvarez-369,,Rep B
SF-1499,David,Stewart,david.stewart@oakbridgefin.com,(786) 971-9955,(759) 754-1046,Business Owner,OakBridge Financial,oakbridgefin.com,Finance,CO,Opportunity,,2020-08-18,2020-08-31,,150,https://linkedin.com/in/david-stewart-207,Sent proposal 11/2024,Rep D
SF-1430,Patrick,Baker,patrick@swiftcargofreight_com,000-000-0000,5006414222,Co-Founder,SwiftCargo Freight,swiftcargofreight.com,Construction,NV,Opportunity,Partner,2021-09-13,2024-11-18,$50M-$100M,1000+,https://linkedin.com/in/patrick-baker-972,,Rep C
SF-1122,Pamela,Phillips,pamela.phillips@stonewallmasonry.com,7699552275,879.599.4796,Mktg Manager,StoneWall Masonry Inc.,stonewallmasonry.com,healthcare,TX,Opportunity,Website,2019-06-24,2025-10-26,,1200,https://linkedin.com/in/pamela-phillips-380,Budget approved for Q2,Rep D
SF-1492,Anthony,Reyes,anthony.reyes@stonewallmasonry.com,(301) 352-4543,N/A,Purchasing Manager,StoneWall Masonry,stonewallmasonry.com,Construction,WI,Customer,Referral,2024-01-02,2024-01-16,,1000+,,,Rep A
SF-1309,Paul,Lee,paul.lee@sterlingchemical.com,(287) 455-9893,N/A,Vice President Sales,Sterling Chemical Co,,Chemical,OH,Opportunity,Partner,2019-03-12,2025-03-26,,,,Needs predictive maintenance solution,Rep A
SF-1096,Justin,Gray,justin.gray@swiftcargofreight.com,,(732) 669-1202,Chief Technology Officer,SwiftCargo Freight,swiftcargofreight.com,General Contracting,MN,MQL,webform,2020-02-15,2024-04-18,$5M-$10M,1200,https://linkedin.com/in/justin-gray-998,,
SF-1219,Karen,Flores,karen.flores@harborviewprop.com,+1 (870) 711-4874,6164942885,CTO,HarborView Properties,harborviewprop.com,Real Estate,NC,Customer,webform,2020-02-20,2024-09-09,Unknown,1000+,https://linkedin.com/in/karen-flores-556,,Rep B
SF-1623,Richard,Rivera,richard.rivera@swiftcargofreight.com,(541) 851-9248,(567) 952-9639,purchasing manager,SwiftCargo Freight,swiftcargofreight.com,Logistics,TN,MQL,,2025-01-26,2024-06-24,1000000,N/A,https://linkedin.com/in/richard-rivera-238,,Rep C
SF-1194,Jennifer,Castillo,jennifer.castillo@peakviewanalytics.com,223.634.9605,(991) 520-6395,IT Dir,PeakView Analytics,peakviewanalytics.com,Technology,WI,Evangelist,Outbound,2021-08-24,2025-03-09,,,,,Rep A
SF-1251,Eric,Wood,N/A,(509) 904-3826,(584) 994-2468,Project Engineer,Metro Distribution Inc,metrodistribution.com,Logistics,OR,Evangelist,Outbound,2022-02-01,2025-10-09,1000000,,,,Rep B
SF-1570,Pamela,Cox,pamela.cox@cryobuild.com,(264) 982-8174,(605) 696-1353,accountant,CryoBuild Systems,cryobuild.com,Industrial Equipment,MO,Lead,Event,2024-02-17,2024-03-28,50M,,,Looking for CRM cleanup,
SF-1261,Thomas,Anderson,thomas.anderson@proflowsupply.com,(639) 811-1131,N/A,vp sales,ProFlow Plumbing Supply,,Wholesale,GA,Evangelist,,2023-10-24,2024-07-22,$5M-$10M,1200,https://linkedin.com/in/thomas-anderson-293,Looking for CRM cleanup,Rep A
SF-1243,Rebecca,Patel,rebecca_patel@westsideautoparts_com,+1 (820) 237-4244,(369) 637-5143,VP Sales,Westside Auto Parts,westsideautoparts.com,HEALTHCARE,MI,Evangelist,Outbound,2020-02-22,2024-04-21,1000000,1000+,https://linkedin.com/in/rebecca-patel-866,,Rep D
SF-1537,Shirley,Walker,,(574) 884-9667,000-000-0000,director operations,BlueLine Electrical,bluelineelectrical.com,Technology,WI,Evangelist,Inbound,2021-03-27,2025-01-04,5000000,450,https://linkedin.com/in/shirley-walker-377,,
SF-1109,Michael,Johnson,michael.johnson@ironcladsecurity.com,(538) 484-1824,+1 (190) 977-9166,CTO,Ironclad Security Systems,ironcladsecurity.com,Security,AZ,Lead,Partner,2019-03-14,2024-04-15,$1M-$5M,10-50,https://linkedin.com/in/michael-johnson-910,Looking for CRM cleanup,
SF-1311,Andrew,Ward,andrew_ward@northstardrilling_com,N/A,(433) 262-5244,Maint Manager,NorthStar Drilling,northstardrilling.com,Healthcare,North Carolina,Lead,webform,2021-08-21,2024-12-24,,50-200,https://linkedin.com/in/andrew-ward-342,,Rep D
SF-1547,James,Moore,james.moore@cryobuild.com,(298) 339-2471,+1 (515) 137-9572,VP Sales,CryoBuild Systems,cryobuild.com,finance,Pennsylvania,Opportunity,Trade Show,2019-11-24,2025-09-08,$10M-$50M,,https://linkedin.com/in/james-moore-791,Referred by existing customer,
SF-1635,Pamela,Long,pamela.long@atlaslogistics.com,5598931759,N/A,CFO,Atlas Logistics Group,,manufacturing,MI,Lead,Partner,2020-08-26,2025-06-12,,,,Decision maker,
SF-1562,Rachel,Lee,rachel.lee@summitenergy.com,(503) 723-2845,(751) 357-8134,Chief Executive Officer,Summit Energy Solutions,summitenergy.com,Energy,MO,Opportunity,Event,2024-08-07,2025-02-15,,,https://linkedin.com/in/rachel-lee-212,,Rep D
SF-1391,Jennifer,Ruiz,jennifer.ruiz@hightidemarine.com,(356) 345-7317,(991) 747 3447,Staff Engineer,HighTide Marine,hightidemarine.com,Marine,WI,MQL,Trade Show,2020-01-24,2024-01-17,$10M-$50M,,,,
SF-1162,Barbara,Howard,barbara.howard@acmemanufacturing.com,(254) 200-6885,+1 (658) 316-3841,Purchasing Manager,Acme Manufacturing,,Manufacturing,IL,MQL,Event,2023-04-25,2025-01-03,$10M-$50M,,https://linkedin.com/in/barbara-howard-228,,Rep D
SF-1153,Charles,Jones,charles.jones@brightpathedu.com,+15668676901,+14376397779,Director of Operations,BrightPath Education,brightpathedu.com,Education,IN,Evangelist,cold call,2022-03-22,2025-03-13,1000000,,https://linkedin.com/in/charles-jones-738,,
SF-1323,Maria,Murphy,maria.murphy@corepointeng.com,(205) 474-4427,(700) 758-9188,"Director, Operations",CorePoint Engineering,corepointeng.com,Engineering,AZ,Evangelist,Trade Show,2022-08-11,2025-04-17,$10M,N/A,https://linkedin.com/in/maria-murphy-183,Left voicemail,Rep A
SF-1235,,Myers,gregory@riverbendpaper.com,(374) 218-2646,551.466.3915,plant manager,RiverBend Paper Mill,riverbendpaper.com,Manufacturing,OR,Evangelist,Website,2024-11-11,2025-10-18,Unknown,150,https://linkedin.com/in/gregory-myers-554,,Rep B
SF-1507,Betty,Morgan,betty.morgan@primecaremed.com,(973) 943-6251,(624) 776 5185,hr manager,PrimeCare Medical Supply,primecaremed.com,Healthcare,MN,Lead,LinkedIn,2022-07-12,2025-05-07,$10M-$50M,50-200,,,Rep A
SF-1067,Raymond,Wood,N/A,N/A,(777) 873-1539,director operations,Precision Metals Inc,precisionmetals.com,energy,OH,Evangelist,,2023-06-20,2024-03-19,,,https://linkedin.com/in/raymond-wood-498,Needs predictive maintenance solution,Rep B
SF-1061,Carolyn,Williams,carolyn_williams@powergridutil_com,(754) 261-2130,(683) 232-5703,Sales Manager,PowerGrid Utilities Inc.,,Logistics,Nevada,Evangelist,TRADESHOW,2023-10-03,2025-01-18,5000000,150,,Decision maker,Rep C
SF-1047,Stephen,Nguyen,stephen.nguyen@safeguardenv.com,,(135) 229 2101,hr manager,SafeGuard Environmental,,Construction,OR,Customer,Inbound,2023-06-19,2024-11-17,$50M-$100M,10-50,https://linkedin.com/in/stephen-nguyen-611,,Rep C
SF-1148,Andrew,Davis,andrew.davis@corepointeng.com,+1 (536) 419-6395,(983) 241 6062,V.P. Sales,CorePoint Engineering,corepointeng.com,Engineering,AZ,Lead,Event,2024-12-23,2026-01-06,,200-500,https://linkedin.com/in/andrew-davis-883,,Rep C
SF-1496,Samantha,Young,samantha.young@novatechsolutions.com,(997) 671-7523,7551467908,Facility Manager,NovaTech Solutions,novatechsolutions.com,Technology,NC,Opportunity,Event,2022-07-03,2024-06-04,,,https://linkedin.com/in/samantha-young-204,,
SF-1464,Barbara,Taylor,barbara.taylor@safeguardenv.com,(675) 210-4357,(368) 894-2665,Engineer,safeguard environmental,safeguardenv.com,General Contracting,,Customer,TRADESHOW,2022-07-25,2024-05-15,$10M,25,,,
SF-1568,Jonathan,Morris,jonathan.morris@safeguardenv.com,(594) 297-1711,(106) 750 9818,"Vice President, Sales",SafeGuard Environmental,safeguardenv.com,Environmental,OR,Customer,Partner,2023-08-06,2024-04-29,$10M,25,https://linkedin.com/in/jonathan-morris-529,,Rep C
SF-1266,Timothy,Jackson,timothy.jackson@oakbridgefin.com,(384) 863-5621,(171) 246 2180,Chief Technology Officer,OAKBRIDGE FINANCIAL,oakbridgefin.com,manufacturing,CA,MQL,Trade Show,2019-12-09,2024-10-01,,10-50,https://linkedin.com/in/timothy-jackson-109,Interested in automation,Rep A
SF-1541,Jerry,Watson,jerry.watson@hightidemarine.com,(864) 731-1747,N/A,Sales Manager,HighTide Marine,,Marine,GA,Customer,cold call,2020-05-20,2026-02-26,5000000,Unknown,https://linkedin.com/in/jerry-watson-606,Met at trade show 2024,
SF-1002,Michelle,Phillips,michelle.phillips@sunpeaksolar.com,(858) 669-3340,+13698648019,Director of IT,SunPeak Solar,sunpeaksolar.com,finance,IL,Opportunity,Outbound,2024-04-01,2025-06-25,,10-50,https://linkedin.com/in/michelle-phillips-217,Needs predictive maintenance solution,Rep C
SF-1342,Chris,Foster,chris.foster@powergridutil.com,(880) 903-6206,N/A,Maint Manager,PowerGrid Utilities,powergridutil.com,Utilities,CA,Customer,,2022-09-30,2026-02-20,$10M-$50M,50-200,,Left voicemail,
SF-1518,,Lopez,raymond.lopez@clearwatertreat.com,000-000-0000,(290) 839-9432,Procurement Manager,Clearwater Treatment,clearwatertreat.com,Water Treatment,IL,Opportunity,Trade Show,2022-06-27,2025-07-05,,N/A,https://linkedin.com/in/raymond-lopez-136,,
SF-1155,,Nelson,frank.nelson@metrodistribution.com,(888) 690-8774,(861) 339-8888,Chief Technology Officer,Metro Distribution Inc,metrodistribution.com,,IL,Opportunity,website,2023-08-23,2026-01-30,,,https://linkedin.com/in/frank-nelson-423,,Rep C
SF-1531,Sarah,James,sarah.james@deltafab.com,(737) 965-2797,230.136.4405,Maintenance Mgr,Delta Fabrication Co,deltafab.com,FINANCE,Illinois,MQL,cold call,2020-02-27,2024-09-06,$50M-$100M,,https://linkedin.com/in/sarah-james-233,,Rep D
SF-1008,Janet,Cooper,jcooper@atlaslogistics.com,+14783913584,(409) 885-6147,owner,Atlas Logistics Group Inc.,,Logistics,GA,SQL,Outbound,2020-06-28,2025-11-18,50M,50-200,,Looking for CRM cleanup,Rep B
SF-1158,Carol,Reyes,carol.reyes@precisionmetals.com,(414) 528-4285,+18915512927,V.P. Sales,precision metals inc,,Technology,PA,MQL,Referral,2022-06-29,2025-09-19,$10M,200-500,,Met at trade show 2024,Rep D
SF-1349,Dorothy,Bennett,dorothy.bennett@precisionmetals.com,900.152.6224,(257) 657-9567,"Mgr, Sales",Precision Metals Inc,,Warehousing & Logistics,Georgia,Evangelist,,2021-10-31,2024-08-21,50M,,https://linkedin.com/in/dorothy-bennett-372,,Rep A
SF-1298,Patricia,Foster,patricia.foster@harborviewprop.com,+11548737433,9497652753,Plant Manger,HarborView Properties Inc.,harborviewprop.com,automotive,PA,Evangelist,LinkedIn,2019-01-27,2025-05-11,$50M-$100M,,,Interested in automation,Rep A
SF-1553,Pamela,Wright,N/A,+16418237416,(328) 238-5004,Human Resources Manager,ProFlow Plumbing Supply,proflowsupply.com,Technology,California,SQL,Outbound,2019-09-25,2019-10-09,$50M-$100M,10-50,,Sent proposal 11/2024,Rep B
SF-1361,Cynthia,Jones,,N/A,(315) 687-8609,Business Owner,Delta Fabrication Co Inc.,deltafab.com,Manufacturing,NV,Customer,Partner,2020-07-19,2025-09-09,$1M-$5M,450,https://linkedin.com/in/cynthia-jones-363,,
SF-1069,William,Wright,william.wright@deltafab.com,+18793762674,000-000-0000,Sr Engineer,DELTA FABRICATION CO,deltafab.com,TECHNOLOGY,Ohio,MQL,Outbound,2022-02-04,2025-03-07,,25,,,Rep B
SF-1104,Catherine,Ortiz,catherine.ortiz@greenfieldfarms.com,,(701) 567-4087,Facility Manager,Greenfield Farms LLC Inc.,greenfieldfarms.com,Medical,OH,MQL,cold call,2019-05-15,2025-08-26,$5M-$10M,Unknown,https://linkedin.com/in/catherine-ortiz-484,Budget approved for Q2,
SF-1059,Dennis,Cox,dennis.cox@primecaremed.com,(283) 738-8319,+11639489972,Chief Operating Officer,PrimeCare Medical Supply,primecaremed.com,Healthcare,PA,Evangelist,webform,2024-06-25,2024-04-03,50M,450,,,Rep C
SF-1253,Catherine,Long,catherine.long@titanconcrete.com,(325) 240-3110,(868) 365-2438,CTO,Titan Concrete Supply,,Construction,MO,SQL,,2019-05-24,2024-03-27,$10M,,https://linkedin.com/in/catherine-long-275,,Rep C
SF-1044,David,Anderson,david.anderson@peakviewanalytics.com,000-000-0000,(244) 850-7338,Plant Mgr,PeakView Analytics,,Technology,WA,SQL,cold call,2019-03-08,2024-12-31,1000000,,https://linkedin.com/in/david-anderson-206,Gatekeeper - need to get to director,Rep C
SF-1359,Raymond,Hill,raymond@bluelineelectrical_com,6312553975,(381) 778-1151,Staff Engineer,BlueLine Electrical,bluelineelectrical.com,Electrical,IL,Customer,Cold Call,2020-09-23,2025-12-12,$1M-$5M,,https://linkedin.com/in/raymond-hill-987,Budget approved for Q2,Rep B
SF-1050,Amy,Chavez,,+1 (396) 757-5949,(805) 161 3589,IT Dir,Ironclad Security Systems,ironcladsecurity.com,Security,AZ,Evangelist,Inbound,2022-11-15,2025-02-12,,1200,,,Rep B
SF-1246,Dorothy,Bennett,dorothy_bennett@powergridutil_com,8567272333,(486) 916-5072,IT Director,PowerGrid Utilities,powergridutil.com,Automotive,WA,Evangelist,Trade Show,2019-02-26,2025-10-15,1000000,,,,Rep D
SF-1608,Thomas,Sanchez,thomas.sanchez@evergreenrecycling.com,3025966551,(933) 762-7002,maintenance manager,EverGreen Recycling,evergreenrecycling.com,Waste Management,WA,Opportunity,,2024-08-12,2024-02-02,,Unknown,https://linkedin.com/in/thomas-sanchez-298,Follow up Q1,Rep B
SF-1165,Thomas,Ward,thomas.ward@sunpeaksolar.com,(379) 467-4869,+1 (888) 492-4898,Chief Technology Officer,SUNPEAK SOLAR,,Healthcare,Ohio,Lead,Cold Call,2024-03-15,2025-02-12,50M,1200,,Left voicemail,Rep D
SF-1040,Patrick,Hernandez,patrick.hernandez@clearwatertreat.com,000-000-0000,,hr manager,Clearwater Treatment,clearwatertreat.com,Water Treatment,IL,Evangelist,cold call,2024-11-26,2024-04-05,5000000,10-50,,,Rep D
SF-1427,Emily,Foster,emily.foster@metrodistribution.com,(887) 765-5956,(414) 684-1554,accountant,Metro Distribution Inc,metrodistribution.com,Logistics,WA,MQL,Outbound,2021-02-23,2024-12-19,,,https://linkedin.com/in/emily-foster-358,,Rep D
SF-1641,Nancy,Ross,nancy.ross@evergreenrecycling.com,973.134.5657,000-000-0000,VP Sales,EverGreen Recycling,evergreenrecycling.com,LOGISTICS,AZ,Evangelist,cold call,2020-07-08,2024-10-30,1000000,N/A,https://linkedin.com/in/nancy-ross-156,,Rep A
SF-1449,Dorothy,Flores,dorothy.flores@ironcladsecurity.com,(446) 620-8537,(217) 990-9615,director operations,Ironclad Security Systems,ironcladsecurity.com,Security,OH,MQL,Referral,2019-09-06,2019-10-11,$5M-$10M,1000+,https://linkedin.com/in/dorothy-flores-227,Needs predictive maintenance solution,Rep C
SF-1650,Samuel,Sanchez,samuel.sanchez@vanguardconstruction.com,(790) 478-7901,(697) 596-7687,sales manager,Vanguard Construction,,Construction,IL,Opportunity,Cold Call,2021-10-13,2024-11-30,,10-50,,Follow up Q1,
SF-1654,Larry,Williams,larry@northstardrilling.com,(607) 615-3570,(811) 902-7078,sales rep,NorthStar  Drilling,northstardrilling.com,automotive,Illinois,Lead,Trade Show,2023-07-31,2024-04-15,$10M-$50M,150,,,Rep D
SF-1473,Margaret,Ruiz,margaret.ruiz@bluelineelectrical.com,(308) 773-7409,N/A,Chief Executive Officer,BlueLine Electrical,bluelineelectrical.com,TECHNOLOGY,Georgia,Lead,TRADESHOW,2024-09-29,2025-08-13,,450,https://linkedin.com/in/margaret-ruiz-268,,
SF-1248,Margaret,King,margaret.king@pacificsteelworks.com,533.427.6980,1096518546,COO,Pacific Steel Works,pacificsteelworks.com,AUTOMOTIVE,Minnesota,Lead,LinkedIn,2024-05-13,2025-10-08,50M,,https://linkedin.com/in/margaret-king-160,Sent proposal 11/2024,Rep B
SF-1049,Sandra,Murphy,sandramurphy@gmail.com,(936) 690-9612,5199432208,CFO,CryoBuild Systems,cryobuild.com,LOGISTICS,FL,Evangelist,Trade Show,2022-11-18,2025-06-15,$5M-$10M,,https://linkedin.com/in/sandra-murphy-664,,Rep A
SF-1343,Margaret,Moore,margaret.moore@swiftcargofreight.com,,(445) 379-8736,Accountant,SwiftCargo Freight,swiftcargofreight.com,Logistics,PA,SQL,Cold Call,2022-04-15,2024-03-07,$50M-$100M,450,,Not interested right now,
SF-1289,David,Stewart,david.stewart@proflowsupply.com,(520) 705-1771,+19697562989,Dir IT,ProFlow Plumbing Supply,proflowsupply.com,Wholesale,AZ,Evangelist,cold call,2023-11-20,2024-08-19,,,https://linkedin.com/in/david-stewart-477,Needs predictive maintenance solution,Rep A
SF-1244,Mark,White,mark.white@greenfieldfarms.com,(311) 851-3721,1874863042,maintenance manager,Greenfield Farms LLC,greenfieldfarms.com,energy,,Lead,Outbound,2024-10-31,2026-02-18,,25,https://linkedin.com/in/mark-white-444,,Rep B
SF-1356,Robert,Phillips,robert.phillips@brightpathedu.com,832.988.3500,456.170.6365,VP of Sales,BrightPath Education,brightpathedu.com,finance,Pennsylvania,MQL,Trade Show,2022-12-26,2024-01-28,,450,,Met at trade show 2024,Rep B
SF-1494,William,Cruz,,(608) 466-5982,(625) 855 4819,Head of Procurement,CryoBuild Systems,cryobuild.com,Industrial Equipment,TX,Lead,LinkedIn,2025-01-21,2024-02-17,1000000,50-200,https://linkedin.com/in/william-cruz-284,Left voicemail,Rep D
SF-1637,Katherine,James,katherine.james@deltafab.com,(359) 428-8512,1092875362,Accountant,Delta Fabrication Co,deltafab.com,HEALTHCARE,,Evangelist,LinkedIn,2019-06-22,2024-12-26,N/A,1000+,https://linkedin.com/in/katherine-james-181,Referred by existing customer,Rep C
SF-1038,Laura,Ruiz,laura@primecaremed.com,(426) 541-3754,(459) 844 3419,engineer,PrimeCare Medical Supply,,automotive,New York,Customer,website,2024-01-13,2025-11-28,,,,Sent proposal 11/2024,Rep D
SF-1101,Gregory,Rivera,N/A,(942) 772-3999,(543) 870-2463,C.T.O.,Clearwater Treatment,,TECHNOLOGY,Georgia,SQL,Inbound,2021-12-03,2025-08-22,,450,,Looking for CRM cleanup,Rep B
SF-1677,Justin,Nguyen,justin.nguyen@cryobuild.com,(267) 642-4570,(827) 526-8860,accountant,CryoBuild Systems,cryobuild.com,Industrial Equipment,PA,Opportunity,Event,2021-05-03,2024-05-01,50M,N/A,https://linkedin.com/in/justin-nguyen-715,Decision maker,Rep A
SF-1532,Sarah,James,sarah_james@deltafab_com,570.464.7518,230.136.4405,Maintenance Manager,Delta Fabrication Co,deltafab.com,FINANCE,Illinois,MQL,cold call,2020-04-09,2024-09-06,$50M-$100M,,https://linkedin.com/in/sarah-james-233,,Rep D
SF-1030,Robert,James,robert.james@powergridutil.com,(493) 994-4770,(560) 424-4115,Director Of Operations,PowerGrid Utilities,,Logistics,Minnesota,Evangelist,TRADESHOW,2019-06-11,2024-11-12,$1M-$5M,N/A,,Sent proposal 11/2024,Rep B
SF-1616,James,Cooper,james@bluelineelectrical.com,(827) 763-6325,000-000-0000,Dir IT,BlueLine Electrical,bluelineelectrical.com,Electrical,GA,SQL,TRADESHOW,2019-07-15,2024-11-01,,10-50,,,Rep C
SF-1597,Sandra,Moore,,(950) 544-5918,151.123.9438,hr manager,PeakView Analytics,peakviewanalytics.com,CONSTRUCTION,Nevada,MQL,Partner,2019-12-04,2024-04-08,$5M-$10M,Unknown,https://linkedin.com/in/sandra-moore-761,,
SF-1283,Anna,Lee,anna.lee@safeguardenv.com,(280) 785-7265,N/A,CFO,SafeGuard Environmental,,logistics,Texas,Evangelist,webform,2020-02-28,2024-04-23,,,,,Rep C
SF-1652,Timothy,Garcia,timothy.garcia@apexindustrial.com,(801) 323-1179,(800) 244-2937,Senior Accountant,Apex Industrial Services,apexindustrial.com,Industrial Services,OH,Lead,website,2021-08-29,2021-11-19,,10-50,https://linkedin.com/in/timothy-garcia-447,,Rep C
SF-1566,Janet,Ruiz,janet.ruiz@ironcladsecurity.com,,(365) 627-3800,Chief Operating Officer,Ironclad Security Systems,ironcladsecurity.com,Security,WI,Customer,Website,2019-10-29,2025-04-06,N/A,450,https://linkedin.com/in/janet-ruiz-349,Follow up Q1,Rep B
SF-1380,Matthew,Morgan,matthew.morgan@safeguardenv.com,6833672777,+1 (548) 856-3338,Sr Engineer,SafeGuard Environmental,safeguardenv.com,AUTOMOTIVE,MN,MQL,website,2021-05-11,2026-01-12,,200-500,,Follow up Q1,Rep A
SF-1256,Charles,Lewis,charles.lewis@sunpeaksolar.com,6398456022,(664) 708 7597,Engineer,SunPeak Solar,sunpeaksolar.com,N/A,Illinois,Lead,cold call,2023-02-25,2025-12-25,Unknown,N/A,,,Rep C
SF-1132,Ashley,Stewart,,(895) 820-4259,(865) 864-9821,Maint Manager,ProFlow Plumbing Supply,,Wholesale,OH,SQL,Inbound,2022-08-24,2025-11-20,N/A,50-200,,,Rep B
SF-1102,Amy,Thomas,amy.thomas@sterlingchemical.com,(783) 668-3346,(420) 749 1950,Chief Financial Officer,Sterling Chemical Co,sterlingchemical.com,Chemical,IN,Lead,Cold Call,2023-11-12,2025-10-10,5000000,150,,,Rep C
SF-1394,Ronald,Long,ronald.long@deltafab.com,(988) 482-3344,675.249.5468,Maintenance Manager,Delta Fabrication Co,deltafab.com,Manufacturing,PA,Customer,webform,2020-05-08,2024-10-29,N/A,1200,https://linkedin.com/in/ronald-long-389,,Rep A
SF-1432,Elizabeth,Martin,elizabethmartin@gmail.com,(712) 984-9758,+19041856836,Maintenance Mgr,Pacific Steel Works,pacificsteelworks.com,Manufacturing,NY,MQL,Cold Call,2022-11-02,2024-06-13,N/A,450,https://linkedin.com/in/elizabeth-martin-875,Met at trade show 2024,Rep D
SF-1062,James,Long,james.long@cryobuild.com,+12939962848,(657) 812-1797,accountant,CryoBuild Systems,cryobuild.com,Industrial Equipment,GA,Evangelist,Website,2023-07-06,2025-03-25,,,https://linkedin.com/in/james-long-157,,
SF-1073,Donald,Phillips,donald.phillips@novatechsolutions.com,(921) 419-4371,,coo,NovaTech Solutions,,Medical,Minnesota,SQL,Inbound,2024-02-19,2025-09-24,,1000+,https://linkedin.com/in/donald-phillips-704,,Rep C
SF-1149,Sharon,Myers,sharon.myers@sunpeaksolar.com,(827) 436-4804,+1 (288) 972-7348,V.P. Sales,SUNPEAK SOLAR,sunpeaksolar.com,Energy,Indiana,SQL,Outbound,2021-06-30,2021-09-24,$50M-$100M,,https://linkedin.com/in/sharon-myers-549,Referred by existing customer,Rep B
SF-1126,Charles,Stewart,charlesstewart@gmail.com,(610) 828-9536,392.299.1550,sales manager,EverGreen Recycling,evergreenrecycling.com,Waste Management,MN,MQL,TRADESHOW,2019-05-28,2025-01-03,,,,,Rep D
SF-1020,Brenda,Ward,brenda.ward@sterlingchemical.com,+1 (668) 876-4937,(702) 658-1282,Mktg Manager,Sterling Chemical Co,sterlingchemical.com,Medical,New York,SQL,TRADESHOW,2023-02-20,2025-04-29,1000000,N/A,https://linkedin.com/in/brenda-ward-460,Budget approved for Q2,Rep B
SF-1308,Margaret,Clark,margaret.clark@sterlingchemical.com,(226) 823-6508,(468) 971-4547,Purchasing Manager,Sterling Chemical Co,sterlingchemical.com,finance,California,Evangelist,cold call,2019-08-22,2019-09-05,N/A,1000+,https://linkedin.com/in/margaret-clark-647,,
SF-1317,Chris,Cook,chris.cook@metrodistribution.com,(239) 643-2645,(733) 525-4119,SALES MANAGER,Metro Distribution Inc,metrodistribution.com,MANUFACTURING,MO,Evangelist,Website,2021-10-04,2024-05-20,$50M-$100M,1000+,,,Rep B
SF-1598,Kenneth,Martin,kenneth.martin@cryobuild.com,(444) 484-7764,+16887215102,VP Sales,CryoBuild Systems,cryobuild.com,manufacturing,,Evangelist,website,2025-01-17,2024-04-03,$10M-$50M,Unknown,,,Rep A
SF-1382,Frank,Robinson,frank.robinson@acmemanufacturing.com,+1 (560) 866-4893,(553) 851-8454,Chief Executive Officer,Acme Manufacturing,,,,MQL,Cold Call,2022-03-20,2025-10-14,5000000,200-500,,,Rep D
SF-1016,Maria,Jimenez,maria.jimenez@mountaintoptelecom.com,(753) 282-3267,000-000-0000,Procurement Manager,MountainTop Telecom,mountaintoptelecom.com,Telecom,WI,Evangelist,Website,2023-04-08,2025-05-03,,150,https://linkedin.com/in/maria-jimenez-955,,
SF-1666,Maria,Rogers,maria.rogers@stonewallmasonry.com,(636) 217-9397,(525) 681-1686,Chief Operating Officer,StoneWall Masonry,stonewallmasonry.com,Construction,NY,Opportunity,Website,2021-10-01,2021-11-23,,1000+,https://linkedin.com/in/maria-rogers-374,,Rep A
SF-1206,Michelle,Ramos,,(818) 465-2742,000-000-0000,Director of IT,RiverBend Paper Mill,,Manufacturing,MI,Lead,Cold Call,2020-07-07,2024-01-15,,N/A,https://linkedin.com/in/michelle-ramos-979,,Rep B
SF-1679,Donna,Nguyen,donna.nguyen@sterlingchemical.com,(757) 490-2348,(698) 474-2882,C.E.O.,Sterling Chemical Co,sterlingchemical.com,Chemical,NV,Lead,Partner,2019-01-13,2024-12-10,,,,,Rep A
SF-1454,Benjamin,Mendoza,benjamin.mendoza@titanconcrete.com,2269919617,(974) 617-4190,Director of Operations,Titan Concrete Supply,titanconcrete.com,energy,,Customer,Cold Call,2019-10-29,2024-09-02,1000000,50-200,,Gatekeeper - need to get to director,Rep B
SF-1436,Maria,Nelson,maria@safeguardenv.com,(763) 972-9868,(281) 929-9993,Sales Mgr,SafeGuard Environmental,safeguardenv.com,Environmental,WI,Evangelist,Event,2022-05-02,2025-07-19,$5M-$10M,10-50,,Interested in automation,Rep A
SF-1599,Karen,Gomez,karen.gomez@deltafab.com,(678) 432-6873,(397) 621-6104,Marketing Mgr,DELTA FABRICATION CO,,Financial Services,,MQL,webform,2020-01-23,2026-03-01,$10M-$50M,25,,,Rep B
SF-1451,Jacob,Garcia,jacob.garcia@sterlingchemical.com,(243) 391-7607,(938) 891-7046,Account Executive,Sterling Chemical Co,,Energy,,Evangelist,Website,2019-12-13,2025-04-26,5000000,1000+,https://linkedin.com/in/jacob-garcia-934,,Rep B
SF-1615,Justin,Peterson,N/A,2848647770,1259892170,Accountant,BlueLine  Electrical,bluelineelectrical.com,Energy,Texas,MQL,LinkedIn,2022-02-19,2022-04-09,$5M-$10M,450,,,
SF-1287,Betty,Castillo,betty.castillo@peakviewanalytics.com,(639) 404-6782,+15602711553,Maint Manager,PeakView Analytics,,Technology,OH,SQL,Outbound,2021-01-31,2025-01-01,,,,,Rep A
SF-1271,Jason,Young,jason_young@titanconcrete_com,(554) 900 1216,(878) 795-2208,cfo,Titan Concrete Supply Inc.,titanconcrete.com,Construction,IN,Customer,,2020-12-02,2020-10-13,,,,,Rep B
SF-1077,Laura,Morales,laura.morales@safeguardenv.com,(914) 566-2037,(607) 423-8039,SALES MANAGER,SafeGuard Environmental,,Environmental,PA,Opportunity,LinkedIn,2022-08-15,2024-10-17,,,https://linkedin.com/in/laura-morales-907,,Rep A
SF-1648,Betty,Castillo,betty.castillo@westsideautoparts.com,(715) 719-1875,(642) 699-1697,coo,Westside Auto Parts,westsideautoparts.com,Automotive,TN,Lead,webform,2020-11-19,2024-02-12,N/A,,https://linkedin.com/in/betty-castillo-194,,Rep C
SF-1457,Brian,Rivera,brian.rivera@atlaslogistics.com,(981) 774-3336,(737) 470-5757,ceo,Atlas Logistics Group,atlaslogistics.com,Logistics,TX,Lead,Trade Show,2022-05-30,2025-07-21,,450,https://linkedin.com/in/brian-rivera-450,,
SF-1082,Shirley,Morgan,shirley.morgan@swiftcargofreight.com,(849) 981-2083,+11593502412,Chief Operating Officer,SwiftCargo Freight,,LOGISTICS,CA,SQL,Event,2024-10-19,2024-11-22,,,https://linkedin.com/in/shirley-morgan-375,Interested in automation,Rep D
SF-1460,Catherine,Williams,catherine.williams@falconaerospace.com,(644) 549-1490,000-000-0000,Chief Executive Officer,Falcon Aerospace,falconaerospace.com,Aerospace,WA,Opportunity,TRADESHOW,2019-10-26,2024-08-09,,150,,Follow up Q1,Rep C
SF-1475,Larry,Foster,larry@hightidemarine.com,(797) 718-7807,(660) 751-8245,accountant,HighTide Marine,hightidemarine.com,Marine,NC,SQL,,2020-11-17,2024-05-21,1000000,N/A,https://linkedin.com/in/larry-foster-386,,Rep C
SF-1159,,Thompson,deborah.thompson@evergreenrecycling.com,(402) 930-9740,+1 (800) 759-8625,hr manager,EverGreen Recycling,evergreenrecycling.com,Waste Management,GA,MQL,Cold Call,2021-11-22,2025-01-07,N/A,25,https://linkedin.com/in/deborah-thompson-432,,Rep C
SF-1434,Benjamin,Brooks,benjamin.brooks@oakbridgefin.com,(529) 857-7043,,plant manager,OakBridge Financial,,Finance,OR,Lead,Cold Call,2020-01-29,2020-04-15,$5M-$10M,450,,Gatekeeper - need to get to director,Rep A
SF-1024,Emily,Cruz,emily.cruz@pacificsteelworks.com,(642) 952-6280,(226) 293-4750,maintenance manager,Pacific Steel Works,pacificsteelworks.com,Manufacturing,WI,Customer,Website,2022-01-08,2025-08-13,,450,https://linkedin.com/in/emily-cruz-552,Follow up Q1,Rep D
SF-1012,Eric,Phillips,eric.phillips@goldstarpackaging.com,(239) 311-8119,360.145.8144,Maintenance Mgr,GoldStar Packaging,goldstarpackaging.com,IT,WA,Evangelist,,2020-05-25,2026-01-07,$10M,150,,Needs predictive maintenance solution,Rep D
SF-1582,Nicole,Morales,nicole.morales@goldstarpackaging.com,(937) 786-3734,(655) 679-1769,VP Sales,GoldStar Packaging,goldstarpackaging.com,Other,Washington,Opportunity,webform,2021-04-30,2024-08-14,1000000,,https://linkedin.com/in/nicole-morales-420,Needs predictive maintenance solution,Rep D
SF-1042,Amy,Foster,amyfoster@gmail.com,554.725.5668,000-000-0000,IT Dir,GoldStar Packaging,goldstarpackaging.com,Packaging,OH,MQL,website,2020-07-20,2020-08-22,,25,https://linkedin.com/in/amy-foster-205,Needs predictive maintenance solution,Rep B
SF-1536,Kimberly,Gray,kimberly.gray@deltafab.com,(808) 903-2607,(617) 351-4933,Director Of Operations,Delta Fabrication Co,deltafab.com,-,MI,Opportunity,LinkedIn,2021-06-22,2024-07-24,$50M-$100M,N/A,https://linkedin.com/in/kimberly-gray-388,Follow up Q1,Rep C
SF-1339,Kevin,Hill,khill@precisionmetals.com,+15413816658,+14916242290,Project Engineer,Precision Metals Inc,precisionmetals.com,Manufacturing,NV,Lead,website,2021-02-23,2021-05-08,,1200,https://linkedin.com/in/kevin-hill-912,,Rep D
SF-1302,Edward,Rodriguez,edward.rodriguez@precisionmetals.com,(978) 437-4876,2788457292,ceo,Precision Metals Inc,precisionmetals.com,FINANCE,Ohio,Evangelist,webform,2021-03-29,2024-07-19,,1000+,,Left voicemail,Rep B
SF-1363,Matthew,Allen,matthew.allen@metrodistribution.com,(469) 264-6987,N/A,Founder & CEO,Metro Distribution Inc,,Logistics,OR,Opportunity,Event,2019-12-06,2025-05-31,,1200,,Not interested right now,Rep C
SF-1335,Matthew,Walker,matthew.walker@titanconcrete.com,(682) 763-7456,(683) 884-7165,Sales Representative,Titan Concrete Supply,titanconcrete.com,Construction,OR,Evangelist,Trade Show,2020-01-28,2025-01-31,,200-500,,,Rep D
SF-1657,Anna,Smith,anna.smith@primecaremed.com,(290) 755-5347,+1 (322) 294-3353,plant manager,PrimeCare Medical Supply,primecaremed.com,Healthcare,PA,Evangelist,Cold Call,2021-05-11,2025-08-02,5000000,,,Follow up Q1,Rep D
SF-1504,Daniel,Brooks,daniel.brooks@trailblazertrans.com,(813) 702 7322,3716263864,Dir Operations,TrailBlazer Transport,trailblazertrans.com,TECHNOLOGY,TX,SQL,TRADESHOW,2024-03-28,2024-12-12,$50M-$100M,50-200,,Follow up Q1,Rep C
SF-1005,Helen,Davis,helen.davis@bluelineelectrical.com,(752) 335-8744,+12941962588,Business Owner,BlueLine  Electrical,bluelineelectrical.com,CONSTRUCTION,TX,MQL,Outbound,2021-01-21,2024-10-12,$5M-$10M,1200,,Needs predictive maintenance solution,Rep B
SF-1205,Frank,Cox,frank_cox@apexindustrial_com,000-000-0000,(745) 536 2522,coo,APEX INDUSTRIAL SERVICES,apexindustrial.com,construction,IN,Opportunity,LinkedIn,2020-09-20,2024-05-10,$100M+,1200,,,
SF-1053,Scott,Baker,scott.baker@clearwatertreat.com,(889) 312-7824,(942) 904-1436,purchasing manager,Clearwater Treatment,clearwatertreat.com,Water Treatment,MN,Opportunity,LinkedIn,2021-07-21,2026-01-08,,1200,https://linkedin.com/in/scott-baker-734,Left voicemail,Rep A
SF-1046,Helen,White,N/A,(523) 517-9444,000-000-0000,Procurement Manager,Apex Industrial Services,apexindustrial.com,HEALTHCARE,CO,MQL,Partner,2024-07-30,2025-01-11,$10M,,,,Rep B
SF-1516,Nicole,Adams,nicole@sunpeaksolar.com,(446) 292-3232,(274) 598-9884,Business Owner,SUNPEAK SOLAR,,Construction,Washington,Lead,Referral,2023-03-03,2024-01-02,50M,50-200,https://linkedin.com/in/nicole-adams-772,,Rep A
SF-1465,Joshua,Flores,joshuaflores@gmail.com,+1 (951) 204-7526,(291) 176 1229,IT Director,CorePoint Engineering,corepointeng.com,Engineering,FL,Evangelist,Trade Show,2021-12-05,2025-06-15,5000000,,https://linkedin.com/in/joshua-flores-852,,Rep B
SF-1128,,Torres,anna.torres@northstardrilling.com,N/A,(788) 456-8254,Maintenance Mgr,NorthStar Drilling,,Oil & Gas,CO,Customer,Partner,2021-09-23,2026-02-14,,Unknown,,,Rep A
SF-1037,,Ramirez,kimberlyramirez@gmail.com,(256) 207-4349,609.864.8055,Marketing Mgr,Clearwater  Treatment,clearwatertreat.com,Healthcare,TN,Lead,Partner,2019-11-15,2024-11-16,,Unknown,,,
SF-1585,Richard,Carter,richard.carter@falconaerospace.com,+16577087911,,Chief Financial Officer,Falcon Aerospace,falconaerospace.com,TECHNOLOGY,MO,SQL,Website,2023-03-10,2024-05-07,,1200,,,Rep D
SF-1530,Larry,Gutierrez,larry.gutierrez@precisionmetals.com,(818) 421-2100,(276) 922 9340,plant manager,Precision Metals Inc,precisionmetals.com,Manufacturing,OH,Evangelist,website,2024-05-06,2024-06-15,,,,,Rep B
SF-1556,Mary,Robinson,mary.robinson@cryobuild.com,(638) 667-6983,(210) 648-7993,SALES MANAGER,CryoBuild Systems,cryobuild.com,Healthcare,IL,SQL,Trade Show,2019-08-21,2024-06-26,,10-50,,Not interested right now,Rep C
SF-1524,James,Scott,james_scott@hightidemarine_com,(491) 265-2179,,Director Of Operations,HighTide Marine,hightidemarine.com,MANUFACTURING,Wisconsin,Lead,Website,2019-09-03,2025-02-21,,10-50,https://linkedin.com/in/james-scott-507,,
SF-1222,Jerry,Gomez,jerry.gomez@goldstarpackaging.com,N/A,(926) 566-4137,vp sales,GoldStar Packaging Corp,goldstarpackaging.com,ENERGY,NY,Lead,LinkedIn,2024-07-11,2025-12-21,$50M-$100M,,https://linkedin.com/in/jerry-gomez-753,,Rep D
SF-1442,Jennifer,Clark,N/A,+11117017703,(812) 749-4951,Human Resources Manager,RiverBend Paper Mill,riverbendpaper.com,Manufacturing,TX,Opportunity,cold call,2022-02-08,2022-04-19,,N/A,,Not interested right now,Rep A
SF-1036,Rebecca,Bailey,rebecca.bailey@swiftcargofreight.com,(547) 559-1100,,Maintenance Manager,SwiftCargo Freight,swiftcargofreight.com,Logistics,MI,Evangelist,Inbound,2019-12-14,2019-12-21,,10-50,https://linkedin.com/in/rebecca-bailey-378,,Rep D
SF-1488,Maria,Thomas,mariathomas@gmail.com,1926003652,(310) 550-1996,Staff Accountant,CLEARWATER TREATMENT,clearwatertreat.com,AUTOMOTIVE,Oregon,MQL,Website,2024-03-07,2025-12-30,,,,Sent proposal 11/2024,Rep D
SF-1031,Heather,Cooper,heather.cooper@primecaremed.com,9914462886,210.791.4830,maintenance manager,PrimeCare Medical Supply,,Healthcare,NY,Evangelist,,2024-03-16,2025-12-18,,200-500,,,Rep B
SF-1372,Charles,Johnson,charles.johnson@falconaerospace.com,(396) 622-4048,(794) 609-7342,hr manager,Falcon Aerospace Inc.,,oil and gas,NC,SQL,Trade Show,2022-08-27,2025-07-07,N/A,,https://linkedin.com/in/charles-johnson-819,,
SF-1045,David,Anderson,david.anderson@peakviewanalytics.com,000-000-0000,(244) 850-7338,plant manager,PeakView Analytics,,Technology,WA,SQL,cold call,2019-04-08,2024-12-31,1000000,,https://linkedin.com/in/david-anderson-206,Gatekeeper - need to get to director,Rep C
SF-1135,Alexander,Cooper,alexander.cooper@novatechsolutions.com,(432) 291-8239,+1 (647) 108-9059,Senior Accountant,NovaTech Solutions,,Technology,MI,Lead,website,2023-10-30,2024-10-26,$1M-$5M,500-1000,,,Rep D
SF-1353,Joshua,Mitchell,joshua.mitchell@cryobuild.com,(480) 309-2219,4338408859,Chief Operating Officer,CryoBuild  Systems,cryobuild.com,IT,Florida,SQL,Referral,2024-04-16,2024-05-17,$5M-$10M,N/A,,,Rep B
SF-1408,,Sanchez,gregory.sanchez@quantumdatasys.com,(796) 623-2898,(437) 407-3414,Marketing Manager,Quantum Data Systems,quantumdatasys.com,Technology,MI,MQL,cold call,2023-05-20,2024-01-12,$10M,50-200,https://linkedin.com/in/gregory-sanchez-372,,Rep B
SF-1279,Michael,Lopez,michael.lopez@trailblazertrans.com,(364) 913-8156,(179) 840 3369,AE,TrailBlazer  Transport,,Finance,,MQL,TRADESHOW,2024-01-15,2025-10-16,$5M-$10M,,https://linkedin.com/in/michael-lopez-292,,Rep D
SF-1288,Patrick,Nelson,patrick.nelson@titanconcrete.com,798.874.8130,9216059169,Manager - Sales,Titan Concrete Supply,titanconcrete.com,Construction,MI,Lead,TRADESHOW,2019-01-20,2025-04-17,,150,,,Rep A
SF-1627,Betty,Sanchez,betty.sanchez@harborviewprop.com,(506) 340-4277,(598) 557-5522,Maint Manager,HarborView Properties,harborviewprop.com,Energy,Michigan,Opportunity,Partner,2023-05-10,2025-06-19,5000000,10-50,,,
SF-1601,Heather,Watson,heather_watson@safeguardenv_com,(965) 252 5251,8408633879,Sr Engineer,SafeGuard Environmental LLC,,Tech,IN,Opportunity,cold call,2019-08-25,2024-11-08,$10M-$50M,150,https://linkedin.com/in/heather-watson-972,Left voicemail,
SF-1144,Jason,Thomas,jason.thomas@bluelineelectrical.com,N/A,(351) 335-6507,Engineer,BlueLine Electrical,bluelineelectrical.com,Electrical,NY,Opportunity,webform,2019-07-21,2025-07-15,$5M-$10M,150,https://linkedin.com/in/jason-thomas-233,Referred by existing customer,
SF-1051,,Miller,richard.miller@falconaerospace.com,(394) 981-3610,6275789171,C.T.O.,Falcon Aerospace,,Aerospace,MI,Opportunity,webform,2024-04-11,2024-10-19,$5M-$10M,1000+,https://linkedin.com/in/richard-miller-882,,
SF-1571,Nancy,Cox,nancy.cox@clearwatertreat.com,(411) 608-9788,(309) 589-5799,purchasing manager,Clearwater Treatment,,Water Treatment,WI,Customer,Website,2021-12-22,2024-10-23,,200-500,https://linkedin.com/in/nancy-cox-627,Met at trade show 2024,Rep A
SF-1273,Patricia,Walker,N/A,(233) 446-5410,000-000-0000,Vice President Sales,Falcon Aerospace,falconaerospace.com,Medical,Tennessee,MQL,cold call,2020-02-03,2024-12-05,N/A,1200,https://linkedin.com/in/patricia-walker-253,,Rep A
SF-1140,,Gonzalez,josephgonzalez@gmail.com,1326847366,(413) 871-9051,CTO,MountainTop Telecom,,Telecom,NY,Opportunity,website,2019-09-06,2025-01-04,5000000,N/A,,Needs predictive maintenance solution,Rep C
SF-1351,Steven,Baker,steven.baker@sunpeaksolar.com,(721) 681-9122,+17894112549,Chief Executive Officer,SunPeak Solar,sunpeaksolar.com,Energy,GA,MQL,LinkedIn,2024-08-17,2024-11-08,,50-200,https://linkedin.com/in/steven-baker-724,,Rep B
SF-1489,Donna,Sanchez,donna.sanchez@powergridutil.com,(892) 563-8320,+1 (721) 512-3565,Staff Accountant,PowerGrid Utilities,powergridutil.com,finance,NC,Lead,Inbound,2019-09-20,2019-11-27,,,https://linkedin.com/in/donna-sanchez-119,,Rep D
SF-1634,Kenneth,Ward,kenneth.ward@corepointeng.com,(215) 389 6878,266.378.4801,Chief Operating Officer,CorePoint Engineering,corepointeng.com,Construction,TX,Customer,Referral,2023-08-24,2025-04-27,$1M-$5M,150,https://linkedin.com/in/kenneth-ward-377,Decision maker,
SF-1587,Rachel,Walker,rachel.walker@metrodistribution.com,(221) 857-7960,(773) 322-2731,Marketing Manager,Metro Distribution Inc,metrodistribution.com,Logistics,CO,SQL,website,2019-05-24,2019-06-19,,,https://linkedin.com/in/rachel-walker-635,Needs predictive maintenance solution,Rep D
SF-1429,Patrick,Baker,patrick@swiftcargofreight.com,(954) 961-9273,5006414222,Business Owner,SwiftCargo Freight,swiftcargofreight.com,Construction,NV,Opportunity,Partner,2021-08-03,2024-11-18,$50M-$100M,1000+,https://linkedin.com/in/patrick-baker-972,,Rep C
SF-1487,,Green,brian.green@corepointeng.com,(233) 455-1960,,VP of Sales,CorePoint Engineering,,Engineering,MI,Opportunity,,2020-12-07,2024-09-09,,200-500,https://linkedin.com/in/brian-green-357,,Rep A
SF-1554,Paul,Price,,261.786.3223,3992875343,Staff Engineer,PrimeCare Medical Supply,primecaremed.com,Healthcare,TX,Customer,website,2022-07-09,2025-12-28,$10M-$50M,1000+,,,Rep A
SF-1624,Deborah,Morris,deborah.morris@apexindustrial.com,000-000-0000,(703) 878 5127,C.O.O.,Apex Industrial Services,apexindustrial.com,Industrial Services,GA,SQL,Referral,2022-03-23,2025-08-06,,,,Left voicemail,Rep D
SF-1523,James,Scott,james.scott@hightidemarine.com,(491) 265-2179,,Director Of Operations,HighTide Marine,hightidemarine.com,MANUFACTURING,Wisconsin,Lead,Website,2019-08-31,2025-02-21,,10-50,https://linkedin.com/in/james-scott-507,,
SF-1237,Kevin,Bailey,,(377) 215-7588,(212) 598-4485,Accountant,Greenfield Farms LLC,greenfieldfarms.com,Agriculture,OR,MQL,Referral,2022-02-14,2025-10-27,$1M-$5M,,,,Rep A
SF-1231,Paul,Johnson,paul.johnson@redrockmining.com,+1 (701) 904-8679,N/A,engineer,RedRock Mining Corp,redrockmining.com,Healthcare,CA,Opportunity,Outbound,2023-07-11,2026-02-20,$10M,,https://linkedin.com/in/paul-johnson-681,Follow up Q1,Rep C
SF-1199,Emily,Myers,emily.myers@peakviewanalytics.com,(341) 732 8388,(909) 607-4476,C.O.O.,PEAKVIEW ANALYTICS,peakviewanalytics.com,oil and gas,CO,Lead,Inbound,2021-08-19,2025-04-27,,,https://linkedin.com/in/emily-myers-929,,Rep C
SF-1647,Melissa,Gomez,melissa.gomez@ironcladsecurity.com,(608) 900-5566,(910) 961-1344,Founder,Ironclad Security Systems,ironcladsecurity.com,Security,OR,Customer,Event,2019-02-20,2019-03-12,$10M-$50M,25,,Budget approved for Q2,Rep B
SF-1034,Robert,Thompson,robert.thompson@corepointeng.com,(807) 311-8405,+14085691510,Manager - Sales,CorePoint Engineering LLC,corepointeng.com,logistics,New York,Opportunity,webform,2024-12-13,2024-10-28,,N/A,,,Rep D
SF-1278,Jacob,Wilson,jacob@vanguardconstruction.com,,(815) 992-7230,Staff Engineer,Vanguard Construction Inc.,,finance,TX,MQL,Website,2021-07-09,2024-01-24,Unknown,1000+,https://linkedin.com/in/jacob-wilson-185,,Rep D
SF-1630,Paul,Scott,paul.scott@titanconcrete.com,+12347957352,N/A,HR Mgr,Titan Concrete Supply,,Construction,AZ,Lead,cold call,2024-02-05,2025-10-27,$10M,1000+,https://linkedin.com/in/paul-scott-472,,Rep A
SF-1410,Dennis,Taylor,dennis.taylor@oakbridgefin.com,,+1 (599) 495-3248,Chief Technology Officer,OakBridge Financial,oakbridgefin.com,Finance,AZ,Lead,cold call,2024-06-28,2024-12-16,,1000+,https://linkedin.com/in/dennis-taylor-377,Looking for CRM cleanup,Rep C
SF-1116,Frank,Adams,frank.adams@sterlingchemical.com,(583) 726-9335,000-000-0000,Purchasing Manager,Sterling Chemical Co,,Chemical,FL,MQL,Event,2023-11-18,2025-10-24,$5M-$10M,200-500,,Met at trade show 2024,Rep C
SF-1028,Rachel,Carter,rachel.carter@sterlingchemical.com,+19959658213,+17651826383,cfo,Sterling Chemical Co,sterlingchemical.com,Chemical,GA,Evangelist,TRADESHOW,2022-03-23,2024-08-20,5000000,Unknown,https://linkedin.com/in/rachel-carter-202,,Rep A
SF-1358,Raymond,Hill,raymond@bluelineelectrical.com,(531) 246-3305,(381) 778-1151,Staff Engineer,BlueLine Electrical,bluelineelectrical.com,Electrical,IL,Customer,Cold Call,2020-07-28,2025-12-12,$1M-$5M,,https://linkedin.com/in/raymond-hill-987,Budget approved for Q2,Rep B
SF-1173,Jerry,Collins,jerry.collins@precisionmetals.com,335.897.2804,(404) 584-4615,CTO,Precision  Metals  Inc,,finance,NY,MQL,Outbound,2023-03-10,2024-05-19,$50M-$100M,1000+,,,Rep B
SF-1110,Betty,Wood,betty.wood@riverbendpaper.com,(814) 684-6952,(316) 299-4633,plant manager,RiverBend Paper Mill,riverbendpaper.com,Manufacturing,CA,SQL,Inbound,2022-04-10,2022-06-20,N/A,,https://linkedin.com/in/betty-wood-604,,Rep A
SF-1398,Donald,Howard,donald.howard@peakviewanalytics.com,,000-000-0000,sales rep,PeakView Analytics,peakviewanalytics.com,Energy,FL,Evangelist,cold call,2022-05-08,2025-12-07,,25,,Not interested right now,Rep C
SF-1686,Janet,Ramos,janet.ramos@brightpathedu.com,(331) 338-3238,+19897013137,Staff Accountant,BrightPath Education,brightpathedu.com,General Contracting,MN,SQL,Event,2022-06-10,2024-08-02,,,,,Rep A
SF-1033,Laura,Lopez,laura.lopez@titanconcrete.com,(410) 270-4394,(438) 536-3417,Director of IT,Titan Concrete Supply,titanconcrete.com,Construction,MN,Lead,LinkedIn,2020-08-15,2020-09-01,$10M-$50M,,https://linkedin.com/in/laura-lopez-234,,Rep C
SF-1113,Betty,Long,betty.long@goldstarpackaging.com,(912) 494-1769,(596) 626-6122,Plant Manger,goldstar packaging,goldstarpackaging.com,oil and gas,Missouri,Evangelist,cold call,2023-02-15,2023-05-02,,,https://linkedin.com/in/betty-long-298,,Rep B
SF-1225,Benjamin,Cruz,benjamin.cruz@proflowsupply.com,(910) 266-3089,+14087258075,Director of Operations,ProFlow Plumbing Supply,proflowsupply.com,Wholesale,MN,Opportunity,Trade Show,2019-02-13,2019-04-13,5000000,,,Decision maker,Rep C
SF-1633,Jerry,Rodriguez,jrodriguez@powergridutil.com,(985) 721-2312,(780) 749-3617,"Vice President, Sales",PowerGrid Utilities,,Utilities,IN,Lead,Event,2020-09-22,2025-03-04,$50M-$100M,500-1000,,,Rep D
SF-1223,Daniel,Peterson,daniel.peterson@greenfieldfarms.com,(330) 465-4734,(946) 480-4143,CTO,Greenfield Farms LLC,greenfieldfarms.com,Agriculture,CA,Evangelist,TRADESHOW,2024-12-22,2025-09-21,,450,,,Rep C
SF-1612,Gary,Bennett,N/A,(503) 274-5943,(151) 265 3830,Plant Manger,Atlas Logistics Group,,Auto,Oregon,Lead,Partner,2023-09-03,2025-03-14,,,https://linkedin.com/in/gary-bennett-486,Follow up Q1,Rep B
SF-1421,Raymond,Hill,raymond_hill@powergridutil_com,+15595136472,+12497552659,HR Mgr,PowerGrid Utilities,powergridutil.com,AUTOMOTIVE,Minnesota,Lead,,2024-06-14,2024-03-10,$50M-$100M,1200,,Follow up Q1,Rep A
SF-1628,Jennifer,Scott,jennifer.scott@trailblazertrans.com,N/A,+1 (943) 498-5186,Chief Exec Officer,TrailBlazer Transport,trailblazertrans.com,Transportation,WI,Lead,Cold Call,2023-01-10,2024-10-27,1000000,150,https://linkedin.com/in/jennifer-scott-240,,Rep D
SF-1462,Michael,Rodriguez,michael.rodriguez@sterlingchemical.com,(664) 617-3903,(734) 400-8263,Head of Procurement,Sterling Chemical Co,sterlingchemical.com,Chemical,NV,Evangelist,Cold Call,2019-07-26,2026-01-17,Unknown,,,,Rep B
SF-1419,Melissa,Moore,melissa.moore@acmemanufacturing.com,(737) 677-9514,+18693579576,engineer,Acme Manufacturing,acmemanufacturing.com,General Contracting,MN,Opportunity,Outbound,2023-03-20,2024-11-02,1000000,10-50,,,Rep B
SF-1619,Nicholas,Campbell,nicholas_campbell@harborviewprop_com,000-000-0000,6861354689,vp sales,HarborView Properties,harborviewprop.com,Real Estate,IL,SQL,TRADESHOW,2022-09-28,2022-11-03,$1M-$5M,,https://linkedin.com/in/nicholas-campbell-331,Budget approved for Q2,Rep A
SF-1558,Karen,Gray,kgray@oakbridgefin.com,619.842.3415,000-000-0000,Sales Mgr,OakBridge Financial,oakbridgefin.com,Finance,MN,Lead,TRADESHOW,2019-10-30,2025-04-10,50M,,,Not interested right now,
SF-1299,Cynthia,Brown,cynthia.brown@clearwatertreat.com,(759) 466-8194,(831) 326-8083,Staff Engineer,Clearwater Treatment,clearwatertreat.com,Water Treatment,IL,Evangelist,Website,2021-01-26,2021-02-14,Unknown,,https://linkedin.com/in/cynthia-brown-816,,Rep A
SF-1392,Andrew,Robinson,andrew.robinson@greenfieldfarms.com,N/A,(546) 845-6089,cto,Greenfield Farms LLC,greenfieldfarms.com,Agriculture,MN,Opportunity,webform,2020-05-14,2025-09-05,,,https://linkedin.com/in/andrew-robinson-926,Follow up Q1,Rep A
SF-1423,Nicole,Sanders,nicole.sanders@primecaremed.com,(933) 803-9520,(808) 996-5018,Dir IT,PrimeCare Medical Supply,primecaremed.com,Healthcare,GA,Lead,Outbound,2024-06-02,2024-10-05,,450,https://linkedin.com/in/nicole-sanders-514,,Rep C
SF-1185,Stephanie,Baker,stephanie.baker@ironcladsecurity.com,(319) 334-1284,276.826.5991,COO,Ironclad Security Systems,,ENERGY,,MQL,Cold Call,2019-11-18,2025-03-11,$5M-$10M,,https://linkedin.com/in/stephanie-baker-875,,
SF-1112,Donna,Hughes,donna.hughes@northstardrilling.com,N/A,(632) 213-9564,Chief Operating Officer,NorthStar Drilling,northstardrilling.com,Oil & Gas,FL,Lead,Outbound,2020-08-18,2024-02-24,$50M-$100M,,https://linkedin.com/in/donna-hughes-393,Follow up Q1,Rep C
SF-1081,Michelle,Moore,michelle.moore@westsideautoparts.com,000-000-0000,(393) 965-7418,Purchasing Manager,Westside Auto Parts,westsideautoparts.com,Oil & Gas,MI,Lead,Trade Show,2024-09-18,2025-10-15,$10M,10-50,https://linkedin.com/in/michelle-moore-424,,Rep C
SF-1517,Nicole,Adams,nicole@sunpeaksolar.com,9369828218,(274) 598-9884,Business Owner,SunPeak Solar Inc.,,Construction,Washington,Lead,Referral,2023-04-17,2024-01-02,50M,50-200,https://linkedin.com/in/nicole-adams-772,,Rep A
SF-1268,Emma,White,emma.white@trailblazertrans.com,+1 (427) 251-7399,(689) 268-2854,Buyer,trailblazer transport,trailblazertrans.com,logistics,WI,Opportunity,Inbound,2022-07-31,2025-05-21,N/A,,https://linkedin.com/in/emma-white-441,,Rep D
SF-1404,David,Allen,david.allen@quantumdatasys.com,(597) 583-4415,000-000-0000,Engineer,Quantum Data Systems,,Technology,MO,Lead,Outbound,2022-12-08,2025-12-02,$1M-$5M,450,https://linkedin.com/in/david-allen-188,,Rep A
SF-1220,Karen,Flores,karen_flores@harborviewprop_com,+1 (870) 711-4874,6164942885,CTO,HarborView Properties,harborviewprop.com,Real Estate,NC,Customer,webform,2020-03-19,2024-09-09,Unknown,1000+,https://linkedin.com/in/karen-flores-556,,Rep B
SF-1011,Pamela,Peterson,N/A,+19365716728,(967) 358-4878,"Director, Operations",Delta Fabrication Co Inc.,deltafab.com,Manufacturing,OH,MQL,Outbound,2019-05-24,2024-07-02,1000000,150,https://linkedin.com/in/pamela-peterson-984,Not interested right now,Rep A
SF-1687,Janet,Ramos,janet.ramos@brightpathedu.com,N/A,+19897013137,Staff Accountant,BrightPath Education Inc.,brightpathedu.com,General Contracting,MN,SQL,Event,2022-07-09,2024-08-02,,,,,Rep A
SF-1142,George,Gray,george.gray@riverbendpaper.com,(746) 814-8258,(522) 763-6319,cto,RiverBend Paper Mill,riverbendpaper.com,Manufacturing,WA,Opportunity,website,2023-10-30,2023-12-11,,150,https://linkedin.com/in/george-gray-862,,Rep D
SF-1471,Andrew,Carter,andrew_carter@summitenergy_com,(754) 353-8151,,People Manager,Summit Energy Solutions,summitenergy.com,Energy,TN,Lead,Outbound,2021-02-03,2025-11-29,$50M-$100M,N/A,,,Rep D
SF-1111,Ashley,Ward,ashley.ward@greenfieldfarms.com,000-000-0000,(694) 720-3903,Human Resources Manager,Greenfield Farms LLC ,greenfieldfarms.com,Logistics,Wisconsin,Customer,Outbound,2023-09-11,2025-09-15,$50M-$100M,,https://linkedin.com/in/ashley-ward-401,,
SF-1195,Jennifer,Castillo,jennifer_castillo@peakviewanalytics_com,2154249941,(991) 520-6395,IT Dir,PeakView Analytics,peakviewanalytics.com,Technology,WI,Evangelist,Outbound,2021-08-28,2025-03-09,,,,,Rep A
SF-1210,Kathleen,King,kathleen.king@metrodistribution.com,(818) 885-2706,(648) 668-2817,Maintenance Mgr,Metro Distribution Inc,metrodistribution.com,Logistics,FL,Customer,webform,2020-02-22,2025-07-29,,,https://linkedin.com/in/kathleen-king-991,,Rep D
SF-1415,Stephanie,Alvarez,stephanie.alvarez@quantumdatasys.com,,461.514.5491,Engineer,Quantum Data Systems,quantumdatasys.com,Technology,CO,Customer,Partner,2019-04-10,2025-12-03,$50M-$100M,50-200,,Left voicemail,Rep A
SF-1352,Maria,Gomez,maria.gomez@ironcladsecurity.com,(998) 943-5413,000-000-0000,President,Ironclad Security Systems,ironcladsecurity.com,Security,NV,Lead,website,2023-07-14,2024-02-26,1000000,200-500,https://linkedin.com/in/maria-gomez-885,,Rep C
SF-1622,Thomas,Mitchell,thomas.mitchell@corepointeng.com,(917) 752-2793,(953) 207-5956,Facility Manager,CorePoint Engineering,corepointeng.com,Engineering,MO,Opportunity,Partner,2019-06-19,2019-08-14,5000000,500-1000,https://linkedin.com/in/thomas-mitchell-340,Looking for CRM cleanup,Rep C
SF-1655,Edward,Williams,edward@apexindustrial.com,(897) 204-2111,(423) 533 1884,Founder,Apex Industrial Services ,apexindustrial.com,Construction,Ohio,SQL,Partner,2021-12-22,2021-12-30,$100M+,25,,Sent proposal 11/2024,Rep D
SF-1168,Linda,King,lindaking@gmail.com,+1 (172) 685-5105,+1 (627) 824-9039,coo,CorePoint Engineering,corepointeng.com,Construction,NV,Lead,Outbound,2024-05-28,2024-05-04,1000000,1000+,,Decision maker,Rep C
SF-1147,Raymond,Roberts,raymond.roberts@bluelineelectrical.com,(390) 403-9202,(774) 929-1352,Information Technology Director,BlueLine Electrical,bluelineelectrical.com,Electrical,TX,MQL,Event,2022-06-02,2024-12-07,N/A,,,,
SF-1284,Anna,Lee,anna.lee@safeguardenv.com,(740) 178 4445,N/A,CFO,SafeGuard Environmental,,logistics,Texas,Evangelist,webform,2020-04-11,2024-04-23,,,,,Rep C
SF-1639,Daniel,Evans,daniel.evans@brightpathedu.com,(617) 381-4098,(586) 824-3528,Manager - Sales,BrightPath Education,brightpathedu.com,Education,WI,Evangelist,webform,2025-02-23,2024-09-10,,N/A,,Needs predictive maintenance solution,Rep D
SF-1188,Nancy,Rodriguez,nancy.rodriguez@oakbridgefin.com,(892) 287-2953,+1 (225) 338-7958,Marketing Manager,OakBridge Financial,oakbridgefin.com,Finance,NC,Evangelist,website,2022-01-23,2022-04-16,1000000,,https://linkedin.com/in/nancy-rodriguez-596,,Rep A
SF-1406,Tyler,Myers,tyler.myers@novatechsolutions.com,5559272902,(910) 577-9904,IT Dir,NovaTech Solutions,novatechsolutions.com,Technology,FL,Opportunity,Partner,2019-05-18,2024-10-12,N/A,50-200,,Decision maker,Rep B
SF-1675,Brian,Rivera,brian.rivera@quantumdatasys.com,(423) 302-6290,N/A,Chief Executive Officer,Quantum Data Systems,quantumdatasys.com,AUTOMOTIVE,Texas,Lead,Referral,2022-06-29,2024-03-06,,10-50,https://linkedin.com/in/brian-rivera-818,,Rep C
SF-1651,Samuel,Sanchez,samuel_sanchez@vanguardconstruction_com,000-000-0000,(697) 596-7687,sales manager,Vanguard Construction,,Construction,IL,Opportunity,Cold Call,2021-10-14,2024-11-30,,10-50,,Follow up Q1,
SF-1653,Brenda,Reyes,breyes@evergreenrecycling.com,(640) 244-3179,(674) 557-9077,cto,EverGreen Recycling,evergreenrecycling.com,Technology,,Customer,Cold Call,2019-06-29,2024-11-22,,,,,Rep A
SF-1407,Tyler,Myers,tyler.myers@novatechsolutions.com,5559272902,(910) 577-9904,Director of IT,NovaTech Solutions Inc.,novatechsolutions.com,Technology,FL,Opportunity,Partner,2019-05-30,2024-10-12,N/A,50-200,,Decision maker,Rep B
SF-1292,Dennis,Anderson,dennis.anderson@westsideautoparts.com,+15413173467,4918497923,Dir Marketing,Westside Auto Parts,westsideautoparts.com,Mfg,,Customer,LinkedIn,2021-09-04,2024-03-08,$100M+,,https://linkedin.com/in/dennis-anderson-833,,Rep C
SF-1125,Jessica,Gutierrez,jessicagutierrez@gmail.com,(459) 467-9783,000-000-0000,Senior Accountant,Acme Manufacturing,acmemanufacturing.com,ENERGY,IL,Evangelist,Cold Call,2020-02-15,2024-08-07,1000000,,https://linkedin.com/in/jessica-gutierrez-823,,Rep A
SF-1134,Daniel,Gomez,daniel.gomez@proflowsupply.com,(285) 306-5300,(286) 870-7387,Director of Operations,ProFlow Plumbing Supply,proflowsupply.com,technology,Michigan,MQL,Cold Call,2024-11-27,2024-06-23,,25,https://linkedin.com/in/daniel-gomez-578,Needs predictive maintenance solution,Rep B
SF-1120,Carol,Ward,carol@redrockmining.com,+1 (556) 467-6004,(379) 861-2343,Information Technology Director,RedRock Mining Corp,,Mining,NC,MQL,Event,2021-03-15,2024-09-26,Unknown,,,,
SF-1212,Jerry,Cook,N/A,(625) 987-1107,(187) 372 7101,Dir IT,PeakView Analytics,peakviewanalytics.com,Technology,TN,Opportunity,website,2021-09-11,2024-05-21,5000000,450,https://linkedin.com/in/jerry-cook-628,Sent proposal 11/2024,Rep A
SF-1281,Barbara,Wilson,barbara.wilson@vanguardconstruction.com,(233) 883-5749,(416) 428-8448,Marketing Manager,Vanguard Construction,vanguardconstruction.com,Construction,MO,Opportunity,Referral,2021-03-12,2025-04-25,1000000,450,,Gatekeeper - need to get to director,Rep C
SF-1395,Ronald,Long,ronald_long@deltafab_com,+1 (740) 491-3571,675.249.5468,Maintenance Manager,Delta Fabrication Co Inc.,deltafab.com,Manufacturing,PA,Customer,webform,2020-05-26,2024-10-29,N/A,1200,https://linkedin.com/in/ronald-long-389,,Rep A
SF-1143,James,Castillo,james.castillo@precisionmetals.com,N/A,(194) 684 7550,Purchasing Manager,Precision Metals Inc,precisionmetals.com,Manufacturing,IN,Evangelist,cold call,2020-01-26,2025-09-01,$1M-$5M,,,,Rep D
SF-1569,Amanda,James,amanda.james@peakviewanalytics.com,(608) 746-7299,(826) 562-2543,cfo,PeakView Analytics,peakviewanalytics.com,energy,Illinois,Customer,webform,2020-10-27,2024-12-17,,Unknown,,,Rep B
SF-1019,Susan,Hughes,susan.hughes@redrockmining.com,(270) 718-6590,N/A,"Director, Operations",RedRock Mining Corp,redrockmining.com,Mining,MN,Customer,website,2024-06-03,2024-08-02,N/A,25,https://linkedin.com/in/susan-hughes-950,Budget approved for Q2,Rep D
SF-1567,Betty,Ramirez,betty.ramirez@oakbridgefin.com,(968) 986-7594,176.294.3540,Founder & CEO,OakBridge Financial,oakbridgefin.com,Finance,GA,Evangelist,webform,2020-09-16,2024-04-11,$10M,500-1000,,,Rep A
SF-1493,Mark,Reyes,,(876) 881-1449,(876) 842-5251,CTO,Atlas Logistics Group,atlaslogistics.com,Logistics,FL,Customer,website,2019-12-09,2024-08-28,N/A,,https://linkedin.com/in/mark-reyes-616,,Rep A
SF-1433,Elizabeth,Martin,elizabethmartin@gmail_com,(712) 984-9758,+19041856836,Maintenance Mgr,Pacific Steel Works Inc.,pacificsteelworks.com,Manufacturing,NY,MQL,Cold Call,2022-11-15,2024-06-13,N/A,450,https://linkedin.com/in/elizabeth-martin-875,Met at trade show 2024,Rep D
SF-1549,Kenneth,Cooper,kenneth.cooper@trailblazertrans.com,133.123.7663,(731) 290 8608,HR Mgr,TrailBlazer Transport,,Transportation,WI,Evangelist,Outbound,2021-07-01,2024-11-24,,,,,
SF-1280,Mark,Hall,mark.hall@titanconcrete.com,+18166118471,(669) 638-7113,Vice President Sales,Titan Concrete Supply,titanconcrete.com,Construction,OH,Customer,webform,2020-10-28,2025-07-09,$100M+,N/A,https://linkedin.com/in/mark-hall-749,,Rep A
SF-1097,Cynthia,Jones,cynthia.jones@novatechsolutions.com,(907) 443-1807,(475) 581-1331,Engineer,NovaTech Solutions,novatechsolutions.com,Technology,AZ,Evangelist,TRADESHOW,2020-02-07,2024-08-21,,450,https://linkedin.com/in/cynthia-jones-428,,Rep B
SF-1004,Joseph,Nguyen,joseph_nguyen@trailblazertrans_com,+1 (100) 713-6310,(999) 680 2290,Maintenance Mgr,TrailBlazer Transport Inc.,trailblazertrans.com,LOGISTICS,IL,MQL,Event,2021-05-19,2025-12-31,,Unknown,,Referred by existing customer,Rep C
SF-1170,,Harris,john.harris@cryobuild.com,(660) 216-1606,+15152214468,sales manager,CryoBuild Systems,cryobuild.com,Industrial Equipment,TX,Evangelist,Cold Call,2024-06-25,2025-10-31,,,,Follow up Q1,Rep C
SF-1482,Matthew,Walker,matthew@goldstarpackaging.com,4977602343,(858) 791-3743,Dir Operations,GoldStar Packaging,goldstarpackaging.com,construction,WI,Opportunity,LinkedIn,2024-09-25,2024-07-16,,10-50,https://linkedin.com/in/matthew-walker-581,,
SF-1060,Carolyn,Williams,carolyn.williams@powergridutil.com,(754) 261-2130,(683) 232-5703,Sales Manager,PowerGrid Utilities,,Logistics,Nevada,Evangelist,TRADESHOW,2023-09-18,2025-01-18,5000000,150,,Decision maker,Rep C
SF-1388,Eric,Anderson,eric.anderson@cryobuild.com,,(308) 827-2998,Sales Mgr,CryoBuild Systems,cryobuild.com,Industrial Equipment,TX,Evangelist,Cold Call,2021-03-28,2021-04-08,,50-200,,Not interested right now,Rep D
SF-1133,Samuel,Baker,N/A,(868) 498-5382,(604) 477-8289,Sales Manager,HarborView Properties,harborviewprop.com,Real Estate,WA,Evangelist,webform,2024-11-03,2025-04-06,$10M-$50M,200-500,https://linkedin.com/in/samuel-baker-777,,Rep B
SF-1485,Richard,Lopez,richard.lopez@falconaerospace.com,(790) 880-6351,(353) 810-5697,Business Owner,Falcon Aerospace LLC,falconaerospace.com,Unknown,Colorado,Evangelist,Outbound,2019-09-28,2026-01-29,$1M-$5M,500-1000,https://linkedin.com/in/richard-lopez-682,,Rep D
SF-1668,Catherine,Ruiz,catherine.ruiz@peakviewanalytics.com,(786) 457-1308,(798) 843-9986,Information Technology Director,PeakView Analytics ,peakviewanalytics.com,finance,Texas,SQL,Cold Call,2019-07-01,2024-08-26,1000000,,https://linkedin.com/in/catherine-ruiz-243,,Rep A
SF-1509,,Reyes,rreyes@trailblazertrans.com,4022937105,(482) 631-3265,Dir Marketing,TrailBlazer Transport,trailblazertrans.com,Finance,Pennsylvania,Customer,Inbound,2020-02-05,2020-02-10,,10-50,,Follow up Q1,Rep C
SF-1023,James,Evans,james.evans@quantumdatasys.com,(903) 439-5334,(840) 803-4241,Buyer,Quantum Data Systems,quantumdatasys.com,Technology,NV,Lead,Event,2021-07-09,2021-09-30,,,,,
SF-1250,Jack,Torres,jtorres@falconaerospace.com,(255) 926-5981,,Engineer,Falcon Aerospace,falconaerospace.com,Aerospace,WI,Lead,TRADESHOW,2020-08-27,2025-01-20,5000000,200-500,https://linkedin.com/in/jack-torres-198,,Rep A
SF-1029,Kevin,Davis,,(591) 834-4945,+15727535161,Staff Accountant,Falcon Aerospace,falconaerospace.com,TECHNOLOGY,OR,Opportunity,cold call,2021-10-21,2025-04-12,$50M-$100M,450,,,Rep C
SF-1090,Maria,Howard,maria_howard@bluelineelectrical_com,1573384584,(377) 380-4875,Maintenance Mgr,BlueLine Electrical,bluelineelectrical.com,Electrical,WI,SQL,website,2023-03-05,2025-08-28,,,https://linkedin.com/in/maria-howard-676,,Rep C
SF-1472,Christine,Thomas,christine.thomas@ironcladsecurity.com,N/A,(427) 399-9948,Dir IT,ironclad security systems,ironcladsecurity.com,LOGISTICS,WI,Customer,website,2022-10-15,2026-01-09,50M,,https://linkedin.com/in/christine-thomas-498,,
SF-1643,Karen,Long,karen.long@falconaerospace.com,(525) 430-2188,(693) 876-6173,purchasing manager,Falcon Aerospace,,Aerospace,CO,Lead,Website,2019-08-01,2025-05-23,$50M-$100M,50-200,,Met at trade show 2024,
SF-1527,Ashley,Taylor,ashley_taylor@powergridutil_com,(786) 919-3448,,CTO,PowerGrid Utilities,,,Georgia,Opportunity,Event,2021-12-03,2024-09-05,,50-200,,,Rep A
SF-1673,Robert,Mendoza,robert.mendoza@oakbridgefin.com,(817) 228-6467,(760) 759-2634,Chief Executive Officer,OakBridge Financial,oakbridgefin.com,,IL,Opportunity,,2020-02-07,2025-06-07,$1M-$5M,450,,,
SF-1626,Andrew,Phillips,andrew.phillips@pacificsteelworks.com,(600) 488-4578,(930) 562-1169,Ops Director,Pacific Steel Works,pacificsteelworks.com,Manufacturing,CA,Customer,Inbound,2021-07-23,2025-04-19,,,,Decision maker,Rep A
SF-1085,Maria,Jimenez,maria.jimenez@greenfieldfarms.com,6544541157,(345) 928-5584,CFO,Greenfield Farms LLC,greenfieldfarms.com,Agriculture,NY,Lead,Trade Show,2024-10-29,2025-02-26,1000000,N/A,,,Rep A
SF-1632,Samantha,Cook,samantha.cook@trailblazertrans.com,,(886) 852-5959,Ops Director,TrailBlazer Transport,,General Contracting,Wisconsin,Lead,LinkedIn,2023-09-27,2026-02-22,$5M-$10M,150,https://linkedin.com/in/samantha-cook-553,,Rep A
SF-1642,Brenda,Morales,bmorales@trailblazertrans.com,(995) 758-1556,(578) 611-9748,maintenance manager,TrailBlazer Transport,trailblazertrans.com,Transportation,IL,Lead,Referral,2024-04-24,2024-07-18,Unknown,450,https://linkedin.com/in/brenda-morales-518,,Rep D
SF-1362,Ashley,White,ashley.white@redrockmining.com,(978) 334-6373,(747) 149 4242,owner,RedRock Mining Corp,redrockmining.com,N/A,Colorado,SQL,Trade Show,2023-07-20,2025-04-07,50M,1200,,Decision maker,Rep C
SF-1098,Sharon,Ramirez,sharon.ramirez@harborviewprop.com,8266187609,(617) 506 3029,Director Of Operations,HarborView Properties,,Real Estate,IN,Customer,Event,2022-12-03,2024-12-18,,N/A,https://linkedin.com/in/sharon-ramirez-192,,
SF-1425,Steven,Ward,steven.ward@ironcladsecurity.com,,(289) 241-3706,Sales Manager,Ironclad Security Systems,ironcladsecurity.com,MANUFACTURING,Michigan,Lead,Website,2019-01-01,2024-07-15,5000000,450,,,
SF-1079,Alexander,Baker,alexander.baker@pacificsteelworks.com,(304) 305-6133,+1 (724) 765-3688,Sales Mgr,Pacific Steel Works,pacificsteelworks.com,Manufacturing,WA,Evangelist,Trade Show,2020-09-12,2020-11-04,50M,50-200,https://linkedin.com/in/alexander-baker-243,Looking for CRM cleanup,Rep D
SF-1559,Benjamin,Richardson,N/A,000-000-0000,857.853.1024,ceo,CorePoint Engineering,,Engineering,MI,SQL,LinkedIn,2023-12-19,2024-01-19,,450,https://linkedin.com/in/benjamin-richardson-694,Met at trade show 2024,Rep B
SF-1242,Rebecca,Patel,rebecca.patel@westsideautoparts.com,759.828.7297,(369) 637-5143,vp sales,Westside Auto Parts,westsideautoparts.com,HEALTHCARE,MI,Evangelist,Outbound,2019-12-31,2024-04-21,1000000,1000+,https://linkedin.com/in/rebecca-patel-866,,Rep D
SF-1604,Richard,Bennett,richard.bennett@swiftcargofreight.com,N/A,(629) 749-1380,Business Owner,SwiftCargo Freight,swiftcargofreight.com,Logistics,CO,Opportunity,LinkedIn,2019-03-16,2024-12-21,$5M-$10M,200-500,,Sent proposal 11/2024,Rep C
SF-1481,Jerry,Ortiz,jerry.ortiz@peakviewanalytics.com,(731) 448-3140,+1 (138) 145-5346,Director of IT,PeakView Analytics,peakviewanalytics.com,Technology,MN,Evangelist,Partner,2024-10-25,2025-05-30,,Unknown,,Gatekeeper - need to get to director,Rep C
SF-1579,Barbara,Patel,barbara.patel@oakbridgefin.com,(429) 414-7488,7196895209,engineer,OakBridge Financial,,Finance,MO,Customer,Event,2022-10-25,2025-05-06,,,https://linkedin.com/in/barbara-patel-952,Gatekeeper - need to get to director,Rep A
SF-1303,Barbara,Howard,barbara.howard@cryobuild.com,(759) 273-6582,+16082944399,CFO,CryoBuild Systems,cryobuild.com,Industrial Equipment,OR,Opportunity,TRADESHOW,2023-03-21,2024-03-13,$10M-$50M,1000+,,,Rep A
SF-1150,Rebecca,Phillips,rebecca.phillips@precisionmetals.com,(749) 737-1630,671.496.9456,engineer,Precision Metals Inc,precisionmetals.com,Manufacturing,MI,Opportunity,Outbound,2022-06-01,2024-10-19,5000000,,https://linkedin.com/in/rebecca-phillips-806,,Rep D
SF-1551,Jessica,Gomez,jessica.gomez@brightpathedu.com,(431) 788-5417,(470) 217-9615,Facility Manager,BrightPath Education,brightpathedu.com,Education,MO,MQL,Cold Call,2021-07-08,2024-02-18,$10M,,https://linkedin.com/in/jessica-gomez-840,Looking for CRM cleanup,
SF-1402,Ashley,Moore,ashley.moore@metrodistribution.com,(840) 348-6597,+19719173285,CTO,Metro Distribution Inc,metrodistribution.com,Logistics,TN,Customer,Website,2024-10-29,2024-04-16,$100M+,Unknown,https://linkedin.com/in/ashley-moore-857,,Rep A
SF-1103,Catherine,Ortiz,catherine.ortiz@greenfieldfarms.com,,(701) 567-4087,Facility Manager,greenfield farms llc,greenfieldfarms.com,Medical,OH,MQL,cold call,2019-03-31,2025-08-26,$5M-$10M,Unknown,https://linkedin.com/in/catherine-ortiz-484,Budget approved for Q2,
SF-1422,Jerry,Rogers,jerry.rogers@precisionmetals.com,N/A,527.918.3484,Owner,Precision Metals Inc,precisionmetals.com,Manufacturing,CA,Lead,Cold Call,2019-06-03,2024-09-28,$5M-$10M,,https://linkedin.com/in/jerry-rogers-269,Referred by existing customer,Rep C
SF-1026,Sandra,Price,sandra.price@ironcladsecurity.com,000-000-0000,N/A,Plant Manager,Ironclad Security Systems,ironcladsecurity.com,automotive,MI,Opportunity,Event,2024-06-06,2024-12-19,,150,,,
SF-1591,Michael,Jones,,(132) 708 6492,+1 (130) 161-2569,Project Engineer,Greenfield Farms LLC,,N/A,Georgia,Lead,website,2024-03-04,2024-04-01,$5M-$10M,,https://linkedin.com/in/michael-jones-770,,
SF-1252,Robert,Ramos,robertramos@gmail.com,(919) 644-5888,(301) 533-2040,Chief Exec Officer,BrightPath Education,brightpathedu.com,Education,MO,MQL,Outbound,2019-03-22,2025-02-07,$10M,1200,,,Rep A
SF-1439,Stephanie,Wilson,stephanie.wilson@metrodistribution.com,(875) 731-5506,3069783390,C.E.O.,Metro Distribution Inc,metrodistribution.com,Mfg,,Customer,LinkedIn,2021-04-14,2025-02-27,,,,,
SF-1512,Jerry,Harris,jerry.harris@trailblazertrans.com,(614) 363-7363,(215) 740-4835,engineer,TrailBlazer Transport,trailblazertrans.com,Transportation,MO,Opportunity,Event,2024-10-31,2025-10-12,50M,Unknown,https://linkedin.com/in/jerry-harris-596,Interested in automation,
SF-1336,Emma,Gomez,emma.gomez@goldstarpackaging.com,3404776935,(535) 254 5668,VP of Sales,GoldStar Packaging,goldstarpackaging.com,Auto,Ohio,Opportunity,website,2019-12-05,2024-12-20,$5M-$10M,150,https://linkedin.com/in/emma-gomez-112,,Rep D
SF-1561,Justin,Castillo,jcastillo@ironcladsecurity.com,(975) 880-7590,+17615183823,Staff Accountant,Ironclad Security Systems,ironcladsecurity.com,manufacturing,AZ,Customer,Inbound,2020-02-02,2020-02-27,,,https://linkedin.com/in/justin-castillo-878,Met at trade show 2024,Rep B
SF-1420,Raymond,Hill,raymond.hill@powergridutil.com,(676) 580-4353,+12497552659,HR Mgr,PowerGrid Utilities,powergridutil.com,AUTOMOTIVE,Minnesota,Lead,,2024-05-17,2024-03-10,$50M-$100M,1200,,Follow up Q1,Rep A
SF-1293,Nicholas,Clark,nclark@ironcladsecurity.com,(837) 688-6002,(904) 444-3789,Purchasing Manager,Ironclad Security Systems,ironcladsecurity.com,Security,AZ,Evangelist,Referral,2020-11-13,2024-07-10,,10-50,https://linkedin.com/in/nicholas-clark-538,,Rep A
SF-1217,Jason,Miller,jason@redrockmining.com,+1 (880) 241-9270,(883) 659-3440,Marketing Manager,RedRock Mining Corp,redrockmining.com,Mining,AZ,Lead,website,2023-08-05,2025-01-31,,1200,,Referred by existing customer,Rep B
SF-1674,John,Thomas,john.thomas@atlaslogistics.com,(436) 429-5503,(723) 878-8154,Chief Financial Officer,Atlas Logistics Group,atlaslogistics.com,Logistics,MI,Customer,Partner,2019-07-09,2024-09-05,$1M-$5M,25,,Needs predictive maintenance solution,Rep B
SF-1331,Dennis,Smith,dennis.smith@redrockmining.com,N/A,(857) 395-3174,sales manager,RedRock Mining Corp Inc.,redrockmining.com,technology,Michigan,Opportunity,Trade Show,2021-02-10,2024-10-06,$10M-$50M,1000+,https://linkedin.com/in/dennis-smith-370,,
SF-1229,Emma,Diaz,emma.diaz@westsideautoparts.com,,585.374.7569,Procurement Manager,Westside Auto Parts,,Automotive,GA,MQL,Partner,2021-08-18,2025-02-09,,150,https://linkedin.com/in/emma-diaz-962,,Rep A
SF-1560,Mary,Mitchell,mary.mitchell@swiftcargofreight.com,(898) 658-9140,+1 (289) 563-9159,sales manager,SwiftCargo Freight,,Logistics,AZ,MQL,Cold Call,2023-01-09,2025-08-03,,150,,,Rep C
SF-1640,Daniel,Evans,daniel.evans@brightpathedu.com,+14082245047,(586) 824-3528,Manager - Sales,BrightPath Education,brightpathedu.com,Education,WI,Evangelist,webform,2025-04-12,2024-09-10,,N/A,,Needs predictive maintenance solution,Rep D
SF-1201,Cynthia,King,cynthia.king@ironcladsecurity.com,(774) 696-8499,284.954.3757,Marketing Manager,Ironclad Security Systems,ironcladsecurity.com,Security,WI,Lead,Event,2021-01-09,2025-03-02,$50M-$100M,Unknown,,,Rep A
SF-1428,,Price,heather.price@safeguardenv.com,(916) 388-1121,(368) 456-7812,Senior Accountant,SafeGuard Environmental,,Environmental,NY,Opportunity,Inbound,2020-08-29,2024-02-13,$50M-$100M,450,https://linkedin.com/in/heather-price-307,Left voicemail,Rep C
SF-1468,,Hall,helen.hall@safeguardenv.com,(658) 307-5340,N/A,Sales Representative,SafeGuard Environmental,safeguardenv.com,Environmental,GA,Opportunity,webform,2025-03-14,2024-10-22,$1M-$5M,200-500,https://linkedin.com/in/helen-hall-138,,Rep B
SF-1160,Gary,Reyes,gary.reyes@ironcladsecurity.com,(309) 533-2162,(745) 672-7566,Owner,Ironclad  Security  Systems,ironcladsecurity.com,Other,WI,Lead,Inbound,2021-05-02,2025-12-11,5000000,25,https://linkedin.com/in/gary-reyes-341,,
SF-1083,Shirley,Morgan,shirley_morgan@swiftcargofreight_com,+16085669368,+11593502412,Chief Operating Officer,SwiftCargo Freight,,LOGISTICS,CA,SQL,Event,2024-10-27,2024-11-22,,,https://linkedin.com/in/shirley-morgan-375,Interested in automation,Rep D
SF-1486,Robert,Jimenez,robert.jimenez@proflowsupply.com,(752) 575-7346,+1 (470) 728-3653,coo,ProFlow Plumbing Supply,proflowsupply.com,LOGISTICS,,Lead,Partner,2019-12-16,2020-02-10,,,,,Rep A
SF-1669,Jacob,Harris,jacob.harris@redrockmining.com,(671) 571-6985,(316) 872-6058,People Manager,RedRock Mining Corp,redrockmining.com,Technology,NY,Evangelist,Event,2020-10-13,2024-07-25,,N/A,,,
SF-1105,Joseph,Turner,joseph.turner@quantumdatasys.com,(508) 630-2654,(476) 837-3247,Chief Financial Officer,Quantum  Data  Systems,quantumdatasys.com,General Contracting,,MQL,webform,2021-03-29,2024-09-26,$50M-$100M,150,,,Rep D
SF-1304,Margaret,Nguyen,mnguyen@corepointeng.com,,3054421973,C.T.O.,CorePoint Engineering,corepointeng.com,-,WA,Lead,Event,2024-05-15,2024-05-12,,,,,Rep C
SF-1154,Jack,Watson,,(320) 955-4396,(624) 623-1745,Procurement Manager,PeakView Analytics,peakviewanalytics.com,Technology,AZ,SQL,Event,2021-05-19,2024-01-12,N/A,,https://linkedin.com/in/jack-watson-415,,Rep A
SF-1606,William,Castillo,william.castillo@novatechsolutions.com,(634) 204-4927,+14941541957,"Director, Operations",NOVATECH SOLUTIONS,novatechsolutions.com,Manufacturing,,MQL,Referral,2024-09-13,2026-02-04,,Unknown,https://linkedin.com/in/william-castillo-146,Interested in automation,Rep B
SF-1505,Maria,Morgan,maria.morgan@swiftcargofreight.com,(982) 411-4979,(860) 856-3725,Manager - Sales,SwiftCargo Freight,swiftcargofreight.com,Logistics,IN,MQL,Website,2021-02-23,2025-07-22,Unknown,,,,Rep A
SF-1397,,Ortiz,linda.ortiz@harborviewprop.com,(153) 758 4694,(340) 712-6234,Sales Mgr,HarborView Properties,harborviewprop.com,Real Estate,AZ,Opportunity,website,2023-06-10,2024-01-20,$100M+,Unknown,https://linkedin.com/in/linda-ortiz-524,,Rep B
SF-1207,Jeff,Watson,N/A,(956) 919-8295,(682) 220-8364,Dir Marketing,GoldStar Packaging,goldstarpackaging.com,technology,Wisconsin,Opportunity,Website,2022-09-29,2024-01-09,,150,https://linkedin.com/in/jeff-watson-968,,Rep C
SF-1296,Angela,Nguyen,,,(714) 881-3540,"Mgr, Sales",SwiftCargo Freight,swiftcargofreight.com,Logistics,NY,Evangelist,LinkedIn,2020-08-07,2026-01-20,,50-200,,,Rep D
SF-1157,George,Rodriguez,,8879922609,(478) 623-2422,cto,delta fabrication co,deltafab.com,TECHNOLOGY,IN,Lead,Inbound,2019-06-09,2024-07-25,50M,450,https://linkedin.com/in/george-rodriguez-257,,
SF-1681,Stephanie,Parker,,140.174.4420,(699) 566-1264,Facility Manager,Summit Energy Solutions,,Construction,FL,Evangelist,LinkedIn,2022-02-04,2025-02-17,,,https://linkedin.com/in/stephanie-parker-316,,Rep C
SF-1347,Paul,Campbell,paul.campbell@clearwatertreat.com,(713) 521-9574,114.784.2060,C.T.O.,Clearwater Treatment,clearwatertreat.com,Water Treatment,GA,MQL,LinkedIn,2020-05-04,2025-10-27,,,https://linkedin.com/in/paul-campbell-112,,Rep B
SF-1564,Edward,Torres,edward.torres@powergridutil.com,N/A,N/A,Staff Accountant,PowerGrid Utilities,powergridutil.com,Utilities,WI,Evangelist,Event,2020-01-31,2020-04-24,,50-200,https://linkedin.com/in/edward-torres-120,,Rep A
SF-1590,Kenneth,Gonzalez,kenneth.gonzalez@deltafab.com,(354) 962-7386,(788) 616-4353,V.P. Sales,Delta Fabrication Co,,construction,Ohio,SQL,website,2020-08-13,2024-07-08,,,https://linkedin.com/in/kenneth-gonzalez-761,Follow up Q1,
SF-1649,Margaret,Hernandez,margaret@vanguardconstruction.com,(766) 546-1770,(214) 708 7607,Staff Engineer,Vanguard Construction,vanguardconstruction.com,-,California,Evangelist,Website,2024-05-03,2024-07-04,1000000,1000+,,,Rep B
SF-1130,Christine,James,christine.james@peakviewanalytics.com,(788) 481-9041,(155) 638 7933,Ops Director,PeakView Analytics,peakviewanalytics.com,Technology,OR,Lead,cold call,2024-10-23,2025-04-16,,,https://linkedin.com/in/christine-james-488,,Rep C
SF-1417,Kathleen,Parker,kathleen_parker@quantumdatasys_com,6331684798,+17136434206,Facility Manager,Quantum Data Systems Inc.,quantumdatasys.com,Technology,MN,Evangelist,Event,2019-09-09,2024-09-13,,450,,,Rep B
SF-1594,Matthew,Ramirez,matthew_ramirez@stonewallmasonry_com,669.538.9416,N/A,V.P. Sales,StoneWall Masonry LLC,stonewallmasonry.com,Logistics,Missouri,Customer,Event,2023-02-04,2024-04-24,$10M-$50M,,https://linkedin.com/in/matthew-ramirez-213,,Rep A
SF-1574,Jeff,Edwards,jeffedwards@gmail.com,(537) 481 3013,(244) 602-8929,vp sales,BrightPath Education,brightpathedu.com,Other,NC,Opportunity,,2023-03-13,2024-06-17,,,,Interested in automation,
SF-1213,Daniel,Parker,daniel.parker@atlaslogistics.com,(876) 732-5845,640.725.3406,CFO,Atlas Logistics Group,atlaslogistics.com,FINANCE,MO,Evangelist,Outbound,2021-03-19,2024-11-04,,150,https://linkedin.com/in/daniel-parker-857,Needs predictive maintenance solution,Rep A
SF-1346,Paul,Gonzalez,paul.gonzalez@metrodistribution.com,979.493.5215,(916) 464-5510,Mktg Manager,Metro Distribution Inc Inc.,metrodistribution.com,Logistics,MN,Lead,website,2020-07-28,2024-05-31,$1M-$5M,,,,Rep B
SF-1238,Patrick,Morgan,patrick.morgan@brightpathedu.com,(904) 525-8899,338.121.3032,Project Engineer,BrightPath Education,brightpathedu.com,Logistics,Minnesota,SQL,Trade Show,2020-09-13,2025-01-19,,,https://linkedin.com/in/patrick-morgan-712,Referred by existing customer,Rep C
SF-1325,Angela,Cox,angela.cox@corepointeng.com,(210) 525-7820,(304) 810 2537,Chief Financial Officer,CorePoint Engineering,corepointeng.com,Engineering,NY,SQL,TRADESHOW,2021-07-14,2024-12-19,$50M-$100M,,https://linkedin.com/in/angela-cox-988,,Rep D
SF-1444,Dorothy,Watson,dorothy.watson@redrockmining.com,316.174.3518,(370) 472-9523,cto,RedRock Mining Corp,redrockmining.com,Mining,MO,Evangelist,Event,2022-09-13,2025-04-08,,1200,https://linkedin.com/in/dorothy-watson-320,Left voicemail,Rep D
SF-1403,Kevin,Sanders,kevin.sanders@primecaremed.com,(904) 969-2743,919.210.9113,Project Engineer,PrimeCare Medical Supply,primecaremed.com,Healthcare,CO,SQL,,2021-05-07,2025-07-08,$50M-$100M,,,,Rep A
SF-1277,Jacob,Wilson,jacob@vanguardconstruction.com,,(815) 992-7230,Staff Engineer,Vanguard Construction,,finance,TX,MQL,Website,2021-05-16,2024-01-24,Unknown,1000+,https://linkedin.com/in/jacob-wilson-185,,Rep D
SF-1452,Jack,Wilson,jack.wilson@primecaremed.com,,+1 (196) 828-8450,Maint Manager,primecare medical supply,,Energy,FL,Opportunity,Trade Show,2020-07-05,2025-02-18,$50M-$100M,,,,
SF-1295,Dorothy,Clark,dorothy.clark@vanguardconstruction.com,(379) 471-6715,(600) 803-7836,maintenance manager,Vanguard Construction,,MANUFACTURING,North Carolina,Evangelist,Inbound,2020-05-18,2025-03-19,,25,,Referred by existing customer,Rep B
SF-1163,Katherine,Parker,katherine.parker@apexindustrial.com,(665) 721-7948,(660) 593-6821,hr manager,apex industrial services,apexindustrial.com,-,Georgia,Evangelist,Event,2022-01-07,2025-02-24,,10-50,https://linkedin.com/in/katherine-parker-821,,Rep A
SF-1379,Rebecca,Mendoza,rebecca.mendoza@brightpathedu.com,(623) 586-5556,(394) 997-8998,maintenance manager,BrightPath Education,brightpathedu.com,Education,NC,Customer,Website,2023-06-08,2024-02-12,50M,,https://linkedin.com/in/rebecca-mendoza-172,Interested in automation,Rep A
SF-1595,Mary,Cook,mary.cook@mountaintoptelecom.com,(290) 778-2794,(702) 498-3140,plant manager,MountainTop Telecom,mountaintoptelecom.com,Medical,,Evangelist,website,2024-12-07,2025-01-02,N/A,500-1000,https://linkedin.com/in/mary-cook-335,,Rep D
SF-1414,Rebecca,Clark,rebecca.clark@precisionmetals.com,000-000-0000,(928) 597 3040,IT Dir,Precision Metals Inc,,Manufacturing,OH,MQL,LinkedIn,2020-03-15,2020-03-16,,,https://linkedin.com/in/rebecca-clark-969,,Rep A
SF-1255,Helen,Sanders,helen.sanders@sunpeaksolar.com,(819) 367-7876,(523) 644-7208,sales rep,SunPeak Solar,sunpeaksolar.com,Energy,CA,Customer,Trade Show,2019-11-14,2024-10-03,,,https://linkedin.com/in/helen-sanders-167,,Rep C
SF-1224,Jeff,Evans,jeff.evans@sunpeaksolar.com,+15594231084,(401) 368-6394,Owner,SUNPEAK SOLAR,sunpeaksolar.com,CONSTRUCTION,Michigan,Customer,website,2022-10-01,2024-09-13,,25,https://linkedin.com/in/jeff-evans-941,,
SF-1378,Edward,Parker,edward_parker@sterlingchemical_com,480.957.7585,000-000-0000,Dir Marketing,Sterling Chemical Co Inc.,sterlingchemical.com,,Pennsylvania,Customer,Inbound,2019-09-01,2019-07-31,,500-1000,https://linkedin.com/in/edward-parker-174,Referred by existing customer,Rep A
SF-1484,Joseph,Carter,joseph@powergridutil.com,(741) 978-8170,(402) 837-4507,Ops Director,PowerGrid Utilities,powergridutil.com,Energy,Texas,SQL,Trade Show,2025-01-05,2025-01-07,50M,Unknown,https://linkedin.com/in/joseph-carter-895,,Rep B
SF-1272,Rebecca,Mendoza,rebecca.mendoza@riverbendpaper.com,(360) 478-2506,+1 (936) 809-8674,Founder,RiverBend Paper Mill,riverbendpaper.com,Manufacturing,AZ,Evangelist,TRADESHOW,2023-07-18,2025-01-24,,Unknown,,,Rep C
SF-1107,Carol,Walker,carol.walker@acmemanufacturing.com,000-000-0000,(859) 436-8483,Mktg Manager,ACME MANUFACTURING,acmemanufacturing.com,Mfg,Michigan,SQL,Inbound,2022-07-12,2022-08-28,$5M-$10M,10-50,,,Rep D
SF-1307,Janet,Rivera,janet.rivera@bluelineelectrical.com,386.180.4335,6663153011,Procurement Manager,BlueLine Electrical,bluelineelectrical.com,Electrical,NC,SQL,webform,2023-04-23,2024-11-03,$5M-$10M,,https://linkedin.com/in/janet-rivera-493,,Rep A
SF-1426,Emily,Moore,emily.moore@summitenergy.com,000-000-0000,(440) 516-6351,Owner,Summit Energy Solutions,,Energy,PA,MQL,Partner,2020-09-01,2025-12-21,,,https://linkedin.com/in/emily-moore-220,,Rep A
